country,year,iso_code,renewables_share_energy
Algeria,1965,DZA,4.763
Algeria,1966,DZA,3.519
Algeria,1967,DZA,4.292
Algeria,1968,DZA,5.486
Algeria,1969,DZA,3.183
Algeria,1970,DZA,4.666
Algeria,1971,DZA,2.456
Algeria,1972,DZA,3.278
Algeria,1973,DZA,4.176
Algeria,1974,DZA,2.495
Algeria,1975,DZA,1.378
Algeria,1976,DZA,1.401
Algeria,1977,DZA,0.882
Algeria,1978,DZA,0.652
Algeria,1979,DZA,0.579
Algeria,1980,DZA,0.429
Algeria,1981,DZA,0.503
Algeria,1982,DZA,0.571
Algeria,1983,DZA,0.256
Algeria,1984,DZA,0.514
Algeria,1985,DZA,0.728
Algeria,1986,DZA,0.266
Algeria,1987,DZA,0.517
Algeria,1988,DZA,0.177
Algeria,1989,DZA,0.225
Algeria,1990,DZA,0.127
Algeria,1991,DZA,0.278
Algeria,1992,DZA,0.184
Algeria,1993,DZA,0.35
Algeria,1994,DZA,0.163
Algeria,1995,DZA,0.182
Algeria,1996,DZA,0.129
Algeria,1997,DZA,0.074
Algeria,1998,DZA,0.206
Algeria,1999,DZA,0.193
Algeria,2000,DZA,0.053
Algeria,2001,DZA,0.065
Algeria,2002,DZA,0.052
Algeria,2003,DZA,0.228
Algeria,2004,DZA,0.207
Algeria,2005,DZA,0.434
Algeria,2006,DZA,0.163
Algeria,2007,DZA,0.16
Algeria,2008,DZA,0.188
Algeria,2009,DZA,0.213
Algeria,2010,DZA,0.115
Algeria,2011,DZA,0.235
Algeria,2012,DZA,0.225
Algeria,2013,DZA,0.065
Algeria,2014,DZA,0.118
Algeria,2015,DZA,0.097
Algeria,2016,DZA,0.146
Algeria,2017,DZA,0.247
Algeria,2018,DZA,0.288
Algeria,2019,DZA,0.295
Algeria,2020,DZA,0.3
Algeria,2021,DZA,0.254
Algeria,2022,DZA,0.293
Argentina,1965,ARG,1.103
Argentina,1966,ARG,1.082
Argentina,1967,ARG,1.077
Argentina,1968,ARG,1.227
Argentina,1969,ARG,1.065
Argentina,1970,ARG,1.353
Argentina,1971,ARG,1.27
Argentina,1972,ARG,1.235
Argentina,1973,ARG,2.284
Argentina,1974,ARG,3.63
Argentina,1975,ARG,3.866
Argentina,1976,ARG,3.554
Argentina,1977,ARG,3.909
Argentina,1978,ARG,5.227
Argentina,1979,ARG,6.703
Argentina,1980,ARG,9.552
Argentina,1981,ARG,9.542
Argentina,1982,ARG,11.229
Argentina,1983,ARG,11.314
Argentina,1984,ARG,12.136
Argentina,1985,ARG,12.76
Argentina,1986,ARG,12.298
Argentina,1987,ARG,12.247
Argentina,1988,ARG,8.417
Argentina,1989,ARG,7.543
Argentina,1990,ARG,10.292
Argentina,1991,ARG,9.081
Argentina,1992,ARG,10.207
Argentina,1993,ARG,12.216
Argentina,1994,ARG,13.306
Argentina,1995,ARG,12.535
Argentina,1996,ARG,10.225
Argentina,1997,ARG,12.514
Argentina,1998,ARG,11.482
Argentina,1999,ARG,9.225
Argentina,2000,ARG,12.283
Argentina,2001,ARG,15.936
Argentina,2002,ARG,16.248
Argentina,2003,ARG,14.407
Argentina,2004,ARG,12.186
Argentina,2005,ARG,12.79
Argentina,2006,ARG,13.45
Argentina,2007,ARG,10.613
Argentina,2008,ARG,10.447
Argentina,2009,ARG,11.798
Argentina,2010,ARG,11.65
Argentina,2011,ARG,10.914
Argentina,2012,ARG,10.177
Argentina,2013,ARG,10.94
Argentina,2014,ARG,11.039
Argentina,2015,ARG,10.893
Argentina,2016,ARG,10.172
Argentina,2017,ARG,10.979
Argentina,2018,ARG,11.332
Argentina,2019,ARG,11.911
Argentina,2020,ARG,12.31
Argentina,2021,ARG,11.251
Argentina,2022,ARG,12.815
Australia,1965,AUS,5.563
Australia,1966,AUS,5.072
Australia,1967,AUS,4.95
Australia,1968,AUS,4.865
Australia,1969,AUS,5.087
Australia,1970,AUS,5.421
Australia,1971,AUS,5.823
Australia,1972,AUS,5.599
Australia,1973,AUS,5.589
Australia,1974,AUS,5.955
Australia,1975,AUS,6.297
Australia,1976,AUS,5.793
Australia,1977,AUS,5.27
Australia,1978,AUS,5.509
Australia,1979,AUS,5.166
Australia,1980,AUS,4.862
Australia,1981,AUS,4.93
Australia,1982,AUS,4.637
Australia,1983,AUS,4.534
Australia,1984,AUS,4.718
Australia,1985,AUS,4.863
Australia,1986,AUS,4.799
Australia,1987,AUS,4.533
Australia,1988,AUS,4.642
Australia,1989,AUS,4.42
Australia,1990,AUS,4.459
Australia,1991,AUS,4.74
Australia,1992,AUS,4.732
Australia,1993,AUS,4.759
Australia,1994,AUS,4.527
Australia,1995,AUS,4.24
Australia,1996,AUS,4.237
Australia,1997,AUS,4.146
Australia,1998,AUS,4.038
Australia,1999,AUS,4.009
Australia,2000,AUS,3.989
Australia,2001,AUS,3.871
Australia,2002,AUS,3.931
Australia,2003,AUS,4.015
Australia,2004,AUS,4.037
Australia,2005,AUS,4.314
Australia,2006,AUS,4.233
Australia,2007,AUS,3.977
Australia,2008,AUS,3.681
Australia,2009,AUS,3.92
Australia,2010,AUS,4.313
Australia,2011,AUS,5.688
Australia,2012,AUS,5.688
Australia,2013,AUS,6.512
Australia,2014,AUS,5.967
Australia,2015,AUS,6.282
Australia,2016,AUS,7.186
Australia,2017,AUS,6.743
Australia,2018,AUS,8.278
Australia,2019,AUS,8.874
Australia,2020,AUS,10.835
Australia,2021,AUS,12.895
Australia,2022,AUS,14.455
Austria,1965,AUT,25.096
Austria,1966,AUT,25.84
Austria,1967,AUT,26.119
Austria,1968,AUT,25.099
Austria,1969,AUT,22.275
Austria,1970,AUT,24.77
Austria,1971,AUT,19.652
Austria,1972,AUT,19.524
Austria,1973,AUT,20.177
Austria,1974,AUT,23.735
Austria,1975,AUT,25.034
Austria,1976,AUT,20.905
Austria,1977,AUT,25.271
Austria,1978,AUT,24.245
Austria,1979,AUT,25.784
Austria,1980,AUT,26.826
Austria,1981,AUT,29.281
Austria,1982,AUT,30.32
Austria,1983,AUT,30.118
Austria,1984,AUT,26.69
Austria,1985,AUT,29.769
Austria,1986,AUT,30.178
Austria,1987,AUT,32.194
Austria,1988,AUT,32.733
Austria,1989,AUT,32.409
Austria,1990,AUT,28.909
Austria,1991,AUT,27.587
Austria,1992,AUT,31.037
Austria,1993,AUT,32.088
Austria,1994,AUT,31.296
Austria,1995,AUT,31.516
Austria,1996,AUT,28.951
Austria,1997,AUT,29.964
Austria,1998,AUT,30.442
Austria,1999,AUT,32.248
Austria,2000,AUT,32.955
Austria,2001,AUT,30.817
Austria,2002,AUT,30.325
Austria,2003,AUT,25.141
Austria,2004,AUT,27.634
Austria,2005,AUT,27.929
Austria,2006,AUT,28.572
Austria,2007,AUT,30.967
Austria,2008,AUT,31.33
Austria,2009,AUT,34.317
Austria,2010,AUT,31.599
Austria,2011,AUT,30.51
Austria,2012,AUT,35.895
Austria,2013,AUT,35.275
Austria,2014,AUT,36.643
Austria,2015,AUT,35.003
Austria,2016,AUT,35.699
Austria,2017,AUT,34.538
Austria,2018,AUT,34.528
Austria,2019,AUT,35.544
Austria,2020,AUT,38.186
Austria,2021,AUT,36.084
Austria,2022,AUT,36.608
Azerbaijan,1985,AZE,1.652
Azerbaijan,1986,AZE,0.941
Azerbaijan,1987,AZE,0.971
Azerbaijan,1988,AZE,0.842
Azerbaijan,1989,AZE,0.826
Azerbaijan,1990,AZE,1.882
Azerbaijan,1991,AZE,2.078
Azerbaijan,1992,AZE,2.41
Azerbaijan,1993,AZE,3.857
Azerbaijan,1994,AZE,3.167
Azerbaijan,1995,AZE,2.864
Azerbaijan,1996,AZE,3.45
Azerbaijan,1997,AZE,4.013
Azerbaijan,1998,AZE,4.555
Azerbaijan,1999,AZE,3.524
Azerbaijan,2000,AZE,3.435
Azerbaijan,2001,AZE,3.004
Azerbaijan,2002,AZE,4.694
Azerbaijan,2003,AZE,5.266
Azerbaijan,2004,AZE,5.159
Azerbaijan,2005,AZE,5.165
Azerbaijan,2006,AZE,4.366
Azerbaijan,2007,AZE,4.425
Azerbaijan,2008,AZE,4.116
Azerbaijan,2009,AZE,4.931
Azerbaijan,2010,AZE,7.42
Azerbaijan,2011,AZE,5.035
Azerbaijan,2012,AZE,3.303
Azerbaijan,2013,AZE,2.765
Azerbaijan,2014,AZE,2.424
Azerbaijan,2015,AZE,2.747
Azerbaijan,2016,AZE,3.331
Azerbaijan,2017,AZE,3.035
Azerbaijan,2018,AZE,3.066
Azerbaijan,2019,AZE,2.691
Azerbaijan,2020,AZE,1.914
Azerbaijan,2021,AZE,2.062
Azerbaijan,2022,AZE,2.503
Bangladesh,1971,BGD,3.86
Bangladesh,1972,BGD,3.407
Bangladesh,1973,BGD,5.024
Bangladesh,1974,BGD,3.463
Bangladesh,1975,BGD,6.044
Bangladesh,1976,BGD,5.868
Bangladesh,1977,BGD,5.08
Bangladesh,1978,BGD,5.537
Bangladesh,1979,BGD,5.826
Bangladesh,1980,BGD,4.961
Bangladesh,1981,BGD,5.017
Bangladesh,1982,BGD,3.805
Bangladesh,1983,BGD,4.871
Bangladesh,1984,BGD,6.106
Bangladesh,1985,BGD,4.527
Bangladesh,1986,BGD,2.533
Bangladesh,1987,BGD,2.637
Bangladesh,1988,BGD,3.091
Bangladesh,1989,BGD,3.908
Bangladesh,1990,BGD,3.539
Bangladesh,1991,BGD,3.478
Bangladesh,1992,BGD,3.029
Bangladesh,1993,BGD,2.104
Bangladesh,1994,BGD,2.762
Bangladesh,1995,BGD,1.027
Bangladesh,1996,BGD,1.948
Bangladesh,1997,BGD,1.803
Bangladesh,1998,BGD,2.037
Bangladesh,1999,BGD,1.94
Bangladesh,2000,BGD,1.627
Bangladesh,2001,BGD,1.875
Bangladesh,2002,BGD,1.401
Bangladesh,2003,BGD,1.319
Bangladesh,2004,BGD,1.236
Bangladesh,2005,BGD,1.136
Bangladesh,2006,BGD,1.048
Bangladesh,2007,BGD,1.022
Bangladesh,2008,BGD,1.224
Bangladesh,2009,BGD,0.513
Bangladesh,2010,BGD,0.864
Bangladesh,2011,BGD,0.952
Bangladesh,2012,BGD,0.813
Bangladesh,2013,BGD,0.768
Bangladesh,2014,BGD,0.63
Bangladesh,2015,BGD,0.773
Bangladesh,2016,BGD,0.773
Bangladesh,2017,BGD,0.852
Bangladesh,2018,BGD,0.707
Bangladesh,2019,BGD,0.634
Bangladesh,2020,BGD,0.632
Bangladesh,2021,BGD,0.698
Bangladesh,2022,BGD,0.754
Belarus,1985,BLR,0.014
Belarus,1986,BLR,0.013
Belarus,1987,BLR,0.013
Belarus,1988,BLR,0.012
Belarus,1989,BLR,0.013
Belarus,1990,BLR,0.013
Belarus,1991,BLR,0.011
Belarus,1992,BLR,0.012
Belarus,1993,BLR,0.017
Belarus,1994,BLR,0.02
Belarus,1995,BLR,0.024
Belarus,1996,BLR,0.018
Belarus,1997,BLR,0.024
Belarus,1998,BLR,0.033
Belarus,1999,BLR,0.023
Belarus,2000,BLR,0.031
Belarus,2001,BLR,0.036
Belarus,2002,BLR,0.033
Belarus,2003,BLR,0.032
Belarus,2004,BLR,0.034
Belarus,2005,BLR,0.037
Belarus,2006,BLR,0.036
Belarus,2007,BLR,0.05
Belarus,2008,BLR,0.1
Belarus,2009,BLR,0.197
Belarus,2010,BLR,0.257
Belarus,2011,BLR,0.249
Belarus,2012,BLR,0.263
Belarus,2013,BLR,0.315
Belarus,2014,BLR,0.304
Belarus,2015,BLR,0.357
Belarus,2016,BLR,0.422
Belarus,2017,BLR,0.763
Belarus,2018,BLR,0.626
Belarus,2019,BLR,0.761
Belarus,2020,BLR,1.045
Belarus,2021,BLR,0.92
Belarus,2022,BLR,0.996
Belgium,1965,BEL,0.195
Belgium,1966,BEL,0.222
Belgium,1967,BEL,0.169
Belgium,1968,BEL,0.155
Belgium,1969,BEL,0.133
Belgium,1970,BEL,0.135
Belgium,1971,BEL,0.075
Belgium,1972,BEL,0.095
Belgium,1973,BEL,0.154
Belgium,1974,BEL,0.191
Belgium,1975,BEL,0.156
Belgium,1976,BEL,0.092
Belgium,1977,BEL,0.264
Belgium,1978,BEL,0.259
Belgium,1979,BEL,0.287
Belgium,1980,BEL,0.314
Belgium,1981,BEL,0.382
Belgium,1982,BEL,0.22
Belgium,1983,BEL,0.213
Belgium,1984,BEL,0.214
Belgium,1985,BEL,0.187
Belgium,1986,BEL,0.248
Belgium,1987,BEL,0.301
Belgium,1988,BEL,0.281
Belgium,1989,BEL,0.258
Belgium,1990,BEL,0.275
Belgium,1991,BEL,0.257
Belgium,1992,BEL,0.294
Belgium,1993,BEL,0.247
Belgium,1994,BEL,0.276
Belgium,1995,BEL,0.305
Belgium,1996,BEL,0.243
Belgium,1997,BEL,0.25
Belgium,1998,BEL,0.317
Belgium,1999,BEL,0.36
Belgium,2000,BEL,0.433
Belgium,2001,BEL,0.449
Belgium,2002,BEL,0.48
Belgium,2003,BEL,0.487
Belgium,2004,BEL,0.606
Belgium,2005,BEL,0.867
Belgium,2006,BEL,1.21
Belgium,2007,BEL,1.415
Belgium,2008,BEL,1.764
Belgium,2009,BEL,2.555
Belgium,2010,BEL,3.191
Belgium,2011,BEL,4.078
Belgium,2012,BEL,5.148
Belgium,2013,BEL,5.46
Belgium,2014,BEL,6.152
Belgium,2015,BEL,6.798
Belgium,2016,BEL,6.483
Belgium,2017,BEL,7.061
Belgium,2018,BEL,7.538
Belgium,2019,BEL,8.079
Belgium,2020,BEL,10.863
Belgium,2021,BEL,9.544
Belgium,2022,BEL,10.686
Brazil,1965,BRA,27.549
Brazil,1966,BRA,27.618
Brazil,1967,BRA,27.88
Brazil,1968,BRA,25.556
Brazil,1969,BRA,25.056
Brazil,1970,BRA,27.117
Brazil,1971,BRA,26.374
Brazil,1972,BRA,27.116
Brazil,1973,BRA,26.067
Brazil,1974,BRA,26.415
Brazil,1975,BRA,27.49
Brazil,1976,BRA,28.667
Brazil,1977,BRA,30.686
Brazil,1978,BRA,30.964
Brazil,1979,BRA,32.517
Brazil,1980,BRA,35.244
Brazil,1981,BRA,36.324
Brazil,1982,BRA,37.797
Brazil,1983,BRA,41.029
Brazil,1984,BRA,42.655
Brazil,1985,BRA,43.111
Brazil,1986,BRA,42.787
Brazil,1987,BRA,42.404
Brazil,1988,BRA,43.933
Brazil,1989,BRA,44.167
Brazil,1990,BRA,44.531
Brazil,1991,BRA,45.269
Brazil,1992,BRA,45.736
Brazil,1993,BRA,45.985
Brazil,1994,BRA,45.495
Brazil,1995,BRA,44.733
Brazil,1996,BRA,44.3
Brazil,1997,BRA,43.421
Brazil,1998,BRA,43.594
Brazil,1999,BRA,43.436
Brazil,2000,BRA,42.443
Brazil,2001,BRA,38.569
Brazil,2002,BRA,40.181
Brazil,2003,BRA,41.649
Brazil,2004,BRA,41.636
Brazil,2005,BRA,42.512
Brazil,2006,BRA,42.398
Brazil,2007,BRA,43.479
Brazil,2008,BRA,42.632
Brazil,2009,BRA,45.542
Brazil,2010,BRA,43.858
Brazil,2011,BRA,43.935
Brazil,2012,BRA,41.7
Brazil,2013,BRA,39.927
Brazil,2014,BRA,38.843
Brazil,2015,BRA,40.034
Brazil,2016,BRA,42.978
Brazil,2017,BRA,42.651
Brazil,2018,BRA,45.428
Brazil,2019,BRA,46.808
Brazil,2020,BRA,48.693
Brazil,2021,BRA,44.914
Brazil,2022,BRA,48.735
Bulgaria,1965,BGR,4.931
Bulgaria,1966,BGR,4.623
Bulgaria,1967,BGR,4.004
Bulgaria,1968,BGR,2.312
Bulgaria,1969,BGR,2.923
Bulgaria,1970,BGR,3.039
Bulgaria,1971,BGR,2.943
Bulgaria,1972,BGR,2.762
Bulgaria,1973,BGR,3.261
Bulgaria,1974,BGR,2.562
Bulgaria,1975,BGR,2.734
Bulgaria,1976,BGR,3.108
Bulgaria,1977,BGR,3.524
Bulgaria,1978,BGR,2.805
Bulgaria,1979,BGR,3.076
Bulgaria,1980,BGR,3.268
Bulgaria,1981,BGR,3.232
Bulgaria,1982,BGR,2.659
Bulgaria,1983,BGR,2.904
Bulgaria,1984,BGR,2.84
Bulgaria,1985,BGR,1.964
Bulgaria,1986,BGR,2.002
Bulgaria,1987,BGR,2.166
Bulgaria,1988,BGR,2.166
Bulgaria,1989,BGR,2.265
Bulgaria,1990,BGR,1.708
Bulgaria,1991,BGR,2.743
Bulgaria,1992,BGR,2.464
Bulgaria,1993,BGR,2.175
Bulgaria,1994,BGR,1.709
Bulgaria,1995,BGR,2.506
Bulgaria,1996,BGR,3.173
Bulgaria,1997,BGR,3.166
Bulgaria,1998,BGR,3.702
Bulgaria,1999,BGR,3.746
Bulgaria,2000,BGR,3.634
Bulgaria,2001,BGR,2.27
Bulgaria,2002,BGR,2.937
Bulgaria,2003,BGR,3.896
Bulgaria,2004,BGR,4.189
Bulgaria,2005,BGR,5.264
Bulgaria,2006,BGR,5.032
Bulgaria,2007,BGR,3.548
Bulgaria,2008,BGR,3.626
Bulgaria,2009,BGR,5.167
Bulgaria,2010,BGR,7.689
Bulgaria,2011,BGR,4.928
Bulgaria,2012,BGR,7.307
Bulgaria,2013,BGR,10.177
Bulgaria,2014,BGR,10.105
Bulgaria,2015,BGR,11.299
Bulgaria,2016,BGR,9.809
Bulgaria,2017,BGR,8.443
Bulgaria,2018,BGR,12.589
Bulgaria,2019,BGR,10.774
Bulgaria,2020,BGR,11.538
Bulgaria,2021,BGR,13.719
Bulgaria,2022,BGR,12.634
Canada,1965,CAN,25.139
Canada,1966,CAN,26.195
Canada,1967,CAN,25.61
Canada,1968,CAN,24.474
Canada,1969,CAN,25.521
Canada,1970,CAN,25.025
Canada,1971,CAN,24.928
Canada,1972,CAN,25.894
Canada,1973,CAN,25.553
Canada,1974,CAN,26.812
Canada,1975,CAN,26.156
Canada,1976,CAN,26.332
Canada,1977,CAN,25.808
Canada,1978,CAN,27.059
Canada,1979,CAN,27.297
Canada,1980,CAN,27.54
Canada,1981,CAN,29.404
Canada,1982,CAN,29.416
Canada,1983,CAN,30.499
Canada,1984,CAN,30.856
Canada,1985,CAN,31.612
Canada,1986,CAN,32.046
Canada,1987,CAN,31.65
Canada,1988,CAN,29.611
Canada,1989,CAN,27.817
Canada,1990,CAN,29.481
Canada,1991,CAN,30.499
Canada,1992,CAN,30.512
Canada,1993,CAN,30.451
Canada,1994,CAN,29.927
Canada,1995,CAN,29.888
Canada,1996,CAN,30.879
Canada,1997,CAN,30.285
Canada,1998,CAN,29.307
Canada,1999,CAN,29.589
Canada,2000,CAN,29.768
Canada,2001,CAN,28.201
Canada,2002,CAN,28.547
Canada,2003,CAN,27.18
Canada,2004,CAN,26.828
Canada,2005,CAN,28.265
Canada,2006,CAN,27.618
Canada,2007,CAN,27.695
Canada,2008,CAN,28.591
Canada,2009,CAN,29.211
Canada,2010,CAN,27.808
Canada,2011,CAN,28.648
Canada,2012,CAN,29.004
Canada,2013,CAN,28.981
Canada,2014,CAN,28.198
Canada,2015,CAN,28.815
Canada,2016,CAN,29.699
Canada,2017,CAN,29.773
Canada,2018,CAN,28.892
Canada,2019,CAN,28.665
Canada,2020,CAN,30.835
Canada,2021,CAN,30.239
Canada,2022,CAN,30.622
Chile,1965,CHL,16.142
Chile,1966,CHL,15.867
Chile,1967,CHL,15.889
Chile,1968,CHL,13.368
Chile,1969,CHL,13.999
Chile,1970,CHL,14.191
Chile,1971,CHL,14.86
Chile,1972,CHL,17.308
Chile,1973,CHL,17.45
Chile,1974,CHL,19.77
Chile,1975,CHL,21.942
Chile,1976,CHL,21.9
Chile,1977,CHL,22.105
Chile,1978,CHL,22.152
Chile,1979,CHL,21.553
Chile,1980,CHL,22.07
Chile,1981,CHL,22.727
Chile,1982,CHL,26.628
Chile,1983,CHL,27.826
Chile,1984,CHL,27.77
Chile,1985,CHL,30.352
Chile,1986,CHL,31.424
Chile,1987,CHL,32.364
Chile,1988,CHL,28.551
Chile,1989,CHL,21.783
Chile,1990,CHL,18.958
Chile,1991,CHL,24.085
Chile,1992,CHL,28.355
Chile,1993,CHL,27.529
Chile,1994,CHL,25.955
Chile,1995,CHL,26.028
Chile,1996,CHL,22.552
Chile,1997,CHL,21.91
Chile,1998,CHL,18.059
Chile,1999,CHL,15.276
Chile,2000,CHL,19.783
Chile,2001,CHL,22.047
Chile,2002,CHL,22.875
Chile,2003,CHL,22.011
Chile,2004,CHL,19.438
Chile,2005,CHL,22.099
Chile,2006,CHL,22.958
Chile,2007,CHL,19.44
Chile,2008,CHL,21.595
Chile,2009,CHL,22.961
Chile,2010,CHL,19.836
Chile,2011,CHL,18.481
Chile,2012,CHL,18.747
Chile,2013,CHL,18.797
Chile,2014,CHL,20.392
Chile,2015,CHL,21.905
Chile,2016,CHL,20.18
Chile,2017,CHL,22.318
Chile,2018,CHL,24.334
Chile,2019,CHL,23.463
Chile,2020,CHL,25.859
Chile,2021,CHL,24.356
Chile,2022,CHL,28.114
China,1965,CHN,4.253
China,1966,CHN,3.983
China,1967,CHN,3.818
China,1968,CHN,4.459
China,1969,CHN,3.727
China,1970,CHN,3.01
China,1971,CHN,3.07
China,1972,CHN,3.228
China,1973,CHN,3.417
China,1974,CHN,3.749
China,1975,CHN,3.504
China,1976,CHN,3.373
China,1977,CHN,3.229
China,1978,CHN,2.759
China,1979,CHN,3.009
China,1980,CHN,3.566
China,1981,CHN,4.066
China,1982,CHN,4.421
China,1983,CHN,4.823
China,1984,CHN,4.515
China,1985,CHN,4.442
China,1986,CHN,4.339
China,1987,CHN,4.256
China,1988,CHN,4.323
China,1989,CHN,4.468
China,1990,CHN,4.724
China,1991,CHN,4.425
China,1992,CHN,4.413
China,1993,CHN,4.758
China,1994,CHN,4.952
China,1995,CHN,5.554
China,1996,CHN,5.143
China,1997,CHN,5.362
China,1998,CHN,5.428
China,1999,CHN,5.188
China,2000,CHN,5.657
China,2001,CHN,6.619
China,2002,CHN,6.28
China,2003,CHN,5.301
China,2004,CHN,5.601
China,2005,CHN,5.554
China,2006,CHN,5.578
China,2007,CHN,5.719
China,2008,CHN,7.269
China,2009,CHN,6.936
China,2010,CHN,7.616
China,2011,CHN,7.084
China,2012,CHN,8.522
China,2013,CHN,8.958
China,2014,CHN,10.229
China,2015,CHN,10.833
China,2016,CHN,11.726
China,2017,CHN,12.292
China,2018,CHN,12.862
China,2019,CHN,13.439
China,2020,CHN,14.062
China,2021,CHN,14.886
China,2022,CHN,16.019
Colombia,1965,COL,10.729
Colombia,1966,COL,10.591
Colombia,1967,COL,11.202
Colombia,1968,COL,12.024
Colombia,1969,COL,13.204
Colombia,1970,COL,13.413
Colombia,1971,COL,14.388
Colombia,1972,COL,13.824
Colombia,1973,COL,15.555
Colombia,1974,COL,15.789
Colombia,1975,COL,18.879
Colombia,1976,COL,19.034
Colombia,1977,COL,18.8
Colombia,1978,COL,20.633
Colombia,1979,COL,21.763
Colombia,1980,COL,22.777
Colombia,1981,COL,22.156
Colombia,1982,COL,23.009
Colombia,1983,COL,22.032
Colombia,1984,COL,24.248
Colombia,1985,COL,25.236
Colombia,1986,COL,27.8
Colombia,1987,COL,27.699
Colombia,1988,COL,29.224
Colombia,1989,COL,30.274
Colombia,1990,COL,32.549
Colombia,1991,COL,31.965
Colombia,1992,COL,24.941
Colombia,1993,COL,28.616
Colombia,1994,COL,30.41
Colombia,1995,COL,29.69
Colombia,1996,COL,31.47
Colombia,1997,COL,27.652
Colombia,1998,COL,26.757
Colombia,1999,COL,31.316
Colombia,2000,COL,29.508
Colombia,2001,COL,29.83
Colombia,2002,COL,31.782
Colombia,2003,COL,32.991
Colombia,2004,COL,33.021
Colombia,2005,COL,34.173
Colombia,2006,COL,32.251
Colombia,2007,COL,32.766
Colombia,2008,COL,32.606
Colombia,2009,COL,29.995
Colombia,2010,COL,28.606
Colombia,2011,COL,32.644
Colombia,2012,COL,30.217
Colombia,2013,COL,27.414
Colombia,2014,COL,26.403
Colombia,2015,COL,27.785
Colombia,2016,COL,25.639
Colombia,2017,COL,30.292
Colombia,2018,COL,29.727
Colombia,2019,COL,28.663
Colombia,2020,COL,29.01
Colombia,2021,COL,31.012
Colombia,2022,COL,30.854
Croatia,1990,HRV,11.524
Croatia,1991,HRV,19.537
Croatia,1992,HRV,15.995
Croatia,1993,HRV,16.087
Croatia,1994,HRV,18.96
Croatia,1995,HRV,19.161
Croatia,1996,HRV,24.701
Croatia,1997,HRV,18.543
Croatia,1998,HRV,18.063
Croatia,1999,HRV,21.246
Croatia,2000,HRV,19.766
Croatia,2001,HRV,20.779
Croatia,2002,HRV,16.807
Croatia,2003,HRV,14.887
Croatia,2004,HRV,19.898
Croatia,2005,HRV,18.501
Croatia,2006,HRV,17.524
Croatia,2007,HRV,12.393
Croatia,2008,HRV,15.262
Croatia,2009,HRV,19.717
Croatia,2010,HRV,23.851
Croatia,2011,HRV,15.51
Croatia,2012,HRV,16.895
Croatia,2013,HRV,26.756
Croatia,2014,HRV,28.476
Croatia,2015,HRV,22.672
Croatia,2016,HRV,23.881
Croatia,2017,HRV,20.28
Croatia,2018,HRV,27.056
Croatia,2019,HRV,24.222
Croatia,2020,HRV,26.005
Croatia,2021,HRV,29.737
Croatia,2022,HRV,26.923
Czechia,1965,CZE,1.408
Czechia,1966,CZE,1.317
Czechia,1967,CZE,1.206
Czechia,1968,CZE,0.895
Czechia,1969,CZE,0.701
Czechia,1970,CZE,0.96
Czechia,1971,CZE,0.645
Czechia,1972,CZE,0.671
Czechia,1973,CZE,0.571
Czechia,1974,CZE,0.95
Czechia,1975,CZE,0.91
Czechia,1976,CZE,0.706
Czechia,1977,CZE,0.93
Czechia,1978,CZE,0.853
Czechia,1979,CZE,1.058
Czechia,1980,CZE,1.143
Czechia,1981,CZE,0.989
Czechia,1982,CZE,0.811
Czechia,1983,CZE,0.802
Czechia,1984,CZE,0.609
Czechia,1985,CZE,0.782
Czechia,1986,CZE,0.869
Czechia,1987,CZE,1.116
Czechia,1988,CZE,0.946
Czechia,1989,CZE,0.764
Czechia,1990,CZE,0.628
Czechia,1991,CZE,0.647
Czechia,1992,CZE,0.862
Czechia,1993,CZE,0.961
Czechia,1994,CZE,1.163
Czechia,1995,CZE,1.521
Czechia,1996,CZE,1.394
Czechia,1997,CZE,1.446
Czechia,1998,CZE,1.369
Czechia,1999,CZE,1.702
Czechia,2000,CZE,1.595
Czechia,2001,CZE,1.696
Czechia,2002,CZE,1.976
Czechia,2003,CZE,1.223
Czechia,2004,CZE,1.607
Czechia,2005,CZE,1.779
Czechia,2006,CZE,1.99
Czechia,2007,CZE,1.966
Czechia,2008,CZE,2.397
Czechia,2009,CZE,3.248
Czechia,2010,CZE,3.894
Czechia,2011,CZE,4.91
Czechia,2012,CZE,5.372
Czechia,2013,CZE,6.218
Czechia,2014,CZE,6.416
Czechia,2015,CZE,6.633
Czechia,2016,CZE,6.7
Czechia,2017,CZE,6.5
Czechia,2018,CZE,6.36
Czechia,2019,CZE,6.943
Czechia,2020,CZE,7.752
Czechia,2021,CZE,7.48
Czechia,2022,CZE,7.425
Denmark,1983,DNK,0.15
Denmark,1984,DNK,0.151
Denmark,1985,DNK,0.163
Denmark,1986,DNK,0.278
Denmark,1987,DNK,0.371
Denmark,1988,DNK,0.572
Denmark,1989,DNK,0.887
Denmark,1990,DNK,1.266
Denmark,1991,DNK,1.459
Denmark,1992,DNK,2.041
Denmark,1993,DNK,2.362
Denmark,1994,DNK,2.132
Denmark,1995,DNK,2.313
Denmark,1996,DNK,2.188
Denmark,1997,DNK,3.381
Denmark,1998,DNK,4.676
Denmark,1999,DNK,5.389
Denmark,2000,DNK,7.096
Denmark,2001,DNK,7.403
Denmark,2002,DNK,8.587
Denmark,2003,DNK,9.463
Denmark,2004,DNK,11.729
Denmark,2005,DNK,12.804
Denmark,2006,DNK,10.851
Denmark,2007,DNK,12.716
Denmark,2008,DNK,13.08
Denmark,2009,DNK,13.767
Denmark,2010,DNK,16.117
Denmark,2011,DNK,19.854
Denmark,2012,DNK,22.672
Denmark,2013,DNK,23.113
Denmark,2014,DNK,26.705
Denmark,2015,DNK,28.598
Denmark,2016,DNK,27.455
Denmark,2017,DNK,32.162
Denmark,2018,DNK,30.938
Denmark,2019,DNK,34.807
Denmark,2020,DNK,39.665
Denmark,2021,DNK,40.554
Denmark,2022,DNK,43.043
Ecuador,1990,ECU,18.208
Ecuador,1991,ECU,16.782
Ecuador,1992,ECU,16.528
Ecuador,1993,ECU,18.628
Ecuador,1994,ECU,19.351
Ecuador,1995,ECU,16.094
Ecuador,1996,ECU,17.382
Ecuador,1997,ECU,16.072
Ecuador,1998,ECU,15.92
Ecuador,1999,ECU,19.252
Ecuador,2000,ECU,21.614
Ecuador,2001,ECU,19.692
Ecuador,2002,ECU,21.095
Ecuador,2003,ECU,19.533
Ecuador,2004,ECU,18.735
Ecuador,2005,ECU,16.597
Ecuador,2006,ECU,16.252
Ecuador,2007,ECU,19.557
Ecuador,2008,ECU,22.618
Ecuador,2009,ECU,18.929
Ecuador,2010,ECU,15.956
Ecuador,2011,ECU,19.213
Ecuador,2012,ECU,19.858
Ecuador,2013,ECU,17.395
Ecuador,2014,ECU,17.305
Ecuador,2015,ECU,19.69
Ecuador,2016,ECU,23.698
Ecuador,2017,ECU,28.489
Ecuador,2018,ECU,27.487
Ecuador,2019,ECU,31.767
Ecuador,2020,ECU,36.085
Ecuador,2021,ECU,32.359
Ecuador,2022,ECU,30.134
Egypt,1965,EGY,5.588
Egypt,1966,EGY,5.595
Egypt,1967,EGY,7.042
Egypt,1968,EGY,9.957
Egypt,1969,EGY,16.082
Egypt,1970,EGY,15.165
Egypt,1971,EGY,15.878
Egypt,1972,EGY,14.636
Egypt,1973,EGY,15.458
Egypt,1974,EGY,16.143
Egypt,1975,EGY,16.161
Egypt,1976,EGY,15.924
Egypt,1977,EGY,16.571
Egypt,1978,EGY,17.237
Egypt,1979,EGY,15.268
Egypt,1980,EGY,13.694
Egypt,1981,EGY,12.526
Egypt,1982,EGY,11.533
Egypt,1983,EGY,9.98
Egypt,1984,EGY,8.98
Egypt,1985,EGY,8.226
Egypt,1986,EGY,7.888
Egypt,1987,EGY,7.437
Egypt,1988,EGY,7.214
Egypt,1989,EGY,7.354
Egypt,1990,EGY,7.521
Egypt,1991,EGY,7.396
Egypt,1992,EGY,7.381
Egypt,1993,EGY,7.595
Egypt,1994,EGY,7.677
Egypt,1995,EGY,7.559
Egypt,1996,EGY,7.362
Egypt,1997,EGY,7.244
Egypt,1998,EGY,7.154
Egypt,1999,EGY,7.409
Egypt,2000,EGY,7.416
Egypt,2001,EGY,7.226
Egypt,2002,EGY,6.796
Egypt,2003,EGY,5.938
Egypt,2004,EGY,5.635
Egypt,2005,EGY,5.386
Egypt,2006,EGY,5.172
Egypt,2007,EGY,5.363
Egypt,2008,EGY,5.414
Egypt,2009,EGY,4.801
Egypt,2010,EGY,4.462
Egypt,2011,EGY,4.332
Egypt,2012,EGY,4.18
Egypt,2013,EGY,4.177
Egypt,2014,EGY,4.182
Egypt,2015,EGY,4.329
Egypt,2016,EGY,4.131
Egypt,2017,EGY,3.87
Egypt,2018,EGY,4.082
Egypt,2019,EGY,5.17
Egypt,2020,EGY,6.564
Egypt,2021,EGY,6.147
Egypt,2022,EGY,5.652
Estonia,1985,EST,0
Estonia,1986,EST,0
Estonia,1987,EST,0
Estonia,1988,EST,0
Estonia,1989,EST,0
Estonia,1990,EST,0
Estonia,1991,EST,0
Estonia,1992,EST,0
Estonia,1993,EST,0
Estonia,1994,EST,0
Estonia,1995,EST,0.031
Estonia,1996,EST,0.024
Estonia,1997,EST,0.039
Estonia,1998,EST,0.066
Estonia,1999,EST,0.099
Estonia,2000,EST,0.343
Estonia,2001,EST,0.159
Estonia,2002,EST,0.185
Estonia,2003,EST,0.219
Estonia,2004,EST,0.289
Estonia,2005,EST,0.501
Estonia,2006,EST,0.612
Estonia,2007,EST,0.597
Estonia,2008,EST,0.915
Estonia,2009,EST,2.821
Estonia,2010,EST,4.513
Estonia,2011,EST,5.003
Estonia,2012,EST,6.187
Estonia,2013,EST,4.876
Estonia,2014,EST,5.823
Estonia,2015,EST,6.9
Estonia,2016,EST,6.731
Estonia,2017,EST,7.134
Estonia,2018,EST,8.033
Estonia,2019,EST,10.686
Estonia,2020,EST,15.223
Estonia,2021,EST,14.843
Estonia,2022,EST,15.265
Finland,1974,FIN,18.064
Finland,1975,FIN,17.09
Finland,1976,FIN,12.515
Finland,1977,FIN,15.203
Finland,1978,FIN,11.782
Finland,1979,FIN,12.091
Finland,1980,FIN,11.415
Finland,1981,FIN,15.109
Finland,1982,FIN,14.666
Finland,1983,FIN,15.365
Finland,1984,FIN,14.384
Finland,1985,FIN,12.764
Finland,1986,FIN,12.676
Finland,1987,FIN,13.406
Finland,1988,FIN,13.07
Finland,1989,FIN,12.691
Finland,1990,FIN,15.026
Finland,1991,FIN,16.623
Finland,1992,FIN,18.345
Finland,1993,FIN,17.708
Finland,1994,FIN,15.904
Finland,1995,FIN,17.837
Finland,1996,FIN,15.513
Finland,1997,FIN,17.437
Finland,1998,FIN,20.418
Finland,1999,FIN,18.098
Finland,2000,FIN,19.816
Finland,2001,FIN,17.828
Finland,2002,FIN,16.365
Finland,2003,FIN,14.706
Finland,2004,FIN,19.62
Finland,2005,FIN,19.67
Finland,2006,FIN,17.649
Finland,2007,FIN,18.95
Finland,2008,FIN,22.497
Finland,2009,FIN,19.204
Finland,2010,FIN,19.707
Finland,2011,FIN,21.067
Finland,2012,FIN,25.105
Finland,2013,FIN,22.766
Finland,2014,FIN,24.83
Finland,2015,FIN,28.262
Finland,2016,FIN,26.694
Finland,2017,FIN,28.758
Finland,2018,FIN,28.736
Finland,2019,FIN,29.326
Finland,2020,FIN,33.271
Finland,2021,FIN,35.684
Finland,2022,FIN,38.497
France,1965,FRA,10.585
France,1966,FRA,11.602
France,1967,FRA,9.537
France,1968,FRA,10.093
France,1969,FRA,9.634
France,1970,FRA,9.537
France,1971,FRA,7.943
France,1972,FRA,7.446
France,1973,FRA,6.709
France,1974,FRA,8.016
France,1975,FRA,9.053
France,1976,FRA,6.9
France,1977,FRA,10.595
France,1978,FRA,9.11
France,1979,FRA,8.612
France,1980,FRA,9.114
France,1981,FRA,9.552
France,1982,FRA,9.705
France,1983,FRA,9.326
France,1984,FRA,8.555
France,1985,FRA,7.827
France,1986,FRA,7.706
France,1987,FRA,8.521
France,1988,FRA,9.112
France,1989,FRA,5.578
France,1990,FRA,6.223
France,1991,FRA,6.267
France,1992,FRA,7.399
France,1993,FRA,6.969
France,1994,FRA,8.564
France,1995,FRA,7.824
France,1996,FRA,6.883
France,1997,FRA,6.804
France,1998,FRA,6.47
France,1999,FRA,7.389
France,2000,FRA,6.745
France,2001,FRA,7.405
France,2002,FRA,6.176
France,2003,FRA,5.962
France,2004,FRA,5.97
France,2005,FRA,5.365
France,2006,FRA,5.97
France,2007,FRA,6.639
France,2008,FRA,7.632
France,2009,FRA,7.706
France,2010,FRA,8.22
France,2011,FRA,7.218
France,2012,FRA,9.078
France,2013,FRA,10.291
France,2014,FRA,10.269
France,2015,FRA,9.986
France,2016,FRA,10.783
France,2017,FRA,10.245
France,2018,FRA,11.961
France,2019,FRA,12.201
France,2020,FRA,14.662
France,2021,FRA,13.569
France,2022,FRA,14.62
Germany,1965,DEU,1.615
Germany,1966,DEU,1.742
Germany,1967,DEU,1.658
Germany,1968,DEU,1.576
Germany,1969,DEU,1.186
Germany,1970,DEU,1.517
Germany,1971,DEU,1.18
Germany,1972,DEU,1.122
Germany,1973,DEU,1.214
Germany,1974,DEU,1.419
Germany,1975,DEU,1.435
Germany,1976,DEU,1.121
Germany,1977,DEU,1.397
Germany,1978,DEU,1.409
Germany,1979,DEU,1.345
Germany,1980,DEU,1.478
Germany,1981,DEU,1.574
Germany,1982,DEU,1.618
Germany,1983,DEU,1.499
Germany,1984,DEU,1.437
Germany,1985,DEU,1.322
Germany,1986,DEU,1.411
Germany,1987,DEU,1.509
Germany,1988,DEU,1.501
Germany,1989,DEU,1.399
Germany,1990,DEU,1.337
Germany,1991,DEU,1.271
Germany,1992,DEU,1.52
Germany,1993,DEU,1.584
Germany,1994,DEU,1.74
Germany,1995,DEU,1.889
Germany,1996,DEU,1.682
Germany,1997,DEU,1.804
Germany,1998,DEU,1.971
Germany,1999,DEU,2.228
Germany,2000,DEU,2.887
Germany,2001,DEU,2.941
Germany,2002,DEU,3.539
Germany,2003,DEU,3.642
Germany,2004,DEU,4.517
Germany,2005,DEU,5.208
Germany,2006,DEU,6.026
Germany,2007,DEU,7.654
Germany,2008,DEU,7.818
Germany,2009,DEU,8.454
Germany,2010,DEU,8.792
Germany,2011,DEU,10.567
Germany,2012,DEU,11.9
Germany,2013,DEU,12.063
Germany,2014,DEU,13.335
Germany,2015,DEU,14.878
Germany,2016,DEU,14.66
Germany,2017,DEU,16.246
Germany,2018,DEU,17.135
Germany,2019,DEU,18.817
Germany,2020,DEU,21.099
Germany,2021,DEU,19.049
Germany,2022,DEU,21.258
Greece,1982,GRC,5.287
Greece,1983,GRC,3.455
Greece,1984,GRC,4.047
Greece,1985,GRC,3.755
Greece,1986,GRC,4.321
Greece,1987,GRC,3.397
Greece,1988,GRC,2.738
Greece,1989,GRC,2.029
Greece,1990,GRC,1.823
Greece,1991,GRC,3.146
Greece,1992,GRC,2.205
Greece,1993,GRC,2.293
Greece,1994,GRC,2.551
Greece,1995,GRC,3.327
Greece,1996,GRC,3.993
Greece,1997,GRC,3.468
Greece,1998,GRC,3.156
Greece,1999,GRC,3.964
Greece,2000,GRC,3.285
Greece,2001,GRC,2.296
Greece,2002,GRC,2.783
Greece,2003,GRC,4.298
Greece,2004,GRC,4.292
Greece,2005,GRC,4.601
Greece,2006,GRC,5.45
Greece,2007,GRC,3.345
Greece,2008,GRC,4.134
Greece,2009,GRC,5.996
Greece,2010,GRC,8.132
Greece,2011,GRC,6.399
Greece,2012,GRC,8.402
Greece,2013,GRC,12.436
Greece,2014,GRC,11.32
Greece,2015,GRC,13.46
Greece,2016,GRC,13.663
Greece,2017,GRC,12.054
Greece,2018,GRC,13.841
Greece,2019,GRC,14.173
Greece,2020,GRC,17.603
Greece,2021,GRC,20.098
Greece,2022,GRC,19.892
Hong Kong,1995,HKG,0
Hong Kong,1996,HKG,0
Hong Kong,1997,HKG,0
Hong Kong,1998,HKG,0
Hong Kong,1999,HKG,0
Hong Kong,2008,HKG,0.001
Hong Kong,2009,HKG,0.001
Hong Kong,2010,HKG,0.054
Hong Kong,2011,HKG,0.138
Hong Kong,2012,HKG,0.062
Hong Kong,2013,HKG,0.086
Hong Kong,2014,HKG,0.073
Hong Kong,2015,HKG,0.085
Hong Kong,2016,HKG,0.102
Hong Kong,2017,HKG,0.114
Hong Kong,2018,HKG,0.123
Hong Kong,2019,HKG,0.157
Hong Kong,2020,HKG,0.317
Hong Kong,2021,HKG,0.313
Hong Kong,2022,HKG,0.382
Hungary,1965,HUN,0.12
Hungary,1966,HUN,0.158
Hungary,1967,HUN,0.136
Hungary,1968,HUN,0.142
Hungary,1969,HUN,0.141
Hungary,1970,HUN,0.122
Hungary,1971,HUN,0.128
Hungary,1972,HUN,0.142
Hungary,1973,HUN,0.121
Hungary,1974,HUN,0.094
Hungary,1975,HUN,0.179
Hungary,1976,HUN,0.169
Hungary,1977,HUN,0.145
Hungary,1978,HUN,0.126
Hungary,1979,HUN,0.135
Hungary,1980,HUN,0.103
Hungary,1981,HUN,0.156
Hungary,1982,HUN,0.147
Hungary,1983,HUN,0.146
Hungary,1984,HUN,0.166
Hungary,1985,HUN,0.137
Hungary,1986,HUN,0.137
Hungary,1987,HUN,0.144
Hungary,1988,HUN,0.148
Hungary,1989,HUN,0.142
Hungary,1990,HUN,0.18
Hungary,1991,HUN,0.215
Hungary,1992,HUN,0.212
Hungary,1993,HUN,0.221
Hungary,1994,HUN,0.219
Hungary,1995,HUN,0.23
Hungary,1996,HUN,0.264
Hungary,1997,HUN,0.283
Hungary,1998,HUN,0.224
Hungary,1999,HUN,0.257
Hungary,2000,HUN,0.261
Hungary,2001,HUN,0.269
Hungary,2002,HUN,0.25
Hungary,2003,HUN,0.359
Hungary,2004,HUN,1.011
Hungary,2005,HUN,1.925
Hungary,2006,HUN,1.593
Hungary,2007,HUN,2.089
Hungary,2008,HUN,3.152
Hungary,2009,HUN,4.023
Hungary,2010,HUN,4.081
Hungary,2011,HUN,3.755
Hungary,2012,HUN,3.899
Hungary,2013,HUN,4.214
Hungary,2014,HUN,4.927
Hungary,2015,HUN,4.698
Hungary,2016,HUN,4.676
Hungary,2017,HUN,4.567
Hungary,2018,HUN,4.958
Hungary,2019,HUN,5.796
Hungary,2020,HUN,7.014
Hungary,2021,HUN,7.982
Hungary,2022,HUN,9.118
Iceland,2007,ISL,74.302
India,1965,IND,9.149
India,1966,IND,9.271
India,1967,IND,10.059
India,1968,IND,10.858
India,1969,IND,10.874
India,1970,IND,11.784
India,1971,IND,12.427
India,1972,IND,11.463
India,1973,IND,11.957
India,1974,IND,10.861
India,1975,IND,12.068
India,1976,IND,12.037
India,1977,IND,12.416
India,1978,IND,14.818
India,1979,IND,13.54
India,1980,IND,13.453
India,1981,IND,12.948
India,1982,IND,11.035
India,1983,IND,10.111
India,1984,IND,10.576
India,1985,IND,9.671
India,1986,IND,9.168
India,1987,IND,8.031
India,1988,IND,8.23
India,1989,IND,8.742
India,1990,IND,8.543
India,1991,IND,9.03
India,1992,IND,8.141
India,1993,IND,8.036
India,1994,IND,8.667
India,1995,IND,7.687
India,1996,IND,6.79
India,1997,IND,6.571
India,1998,IND,7.382
India,1999,IND,7.125
India,2000,IND,6.376
India,2001,IND,5.993
India,2002,IND,5.732
India,2003,IND,5.624
India,2004,IND,7.461
India,2005,IND,6.894
India,2006,IND,7.706
India,2007,IND,7.856
India,2008,IND,7.257
India,2009,IND,6.492
India,2010,IND,6.609
India,2011,IND,7.575
India,2012,IND,6.83
India,2013,IND,7.454
India,2014,IND,7.481
India,2015,IND,7.282
India,2016,IND,7.096
India,2017,IND,7.605
India,2018,IND,8.069
India,2019,IND,9.015
India,2020,IND,9.864
India,2021,IND,9.654
India,2022,IND,10.402
Indonesia,1965,IDN,6.386
Indonesia,1966,IDN,8.365
Indonesia,1967,IDN,9.506
Indonesia,1968,IDN,11.01
Indonesia,1969,IDN,10.202
Indonesia,1970,IDN,11.571
Indonesia,1971,IDN,4.001
Indonesia,1972,IDN,3.374
Indonesia,1973,IDN,3.774
Indonesia,1974,IDN,3.902
Indonesia,1975,IDN,3.342
Indonesia,1976,IDN,1.867
Indonesia,1977,IDN,2.348
Indonesia,1978,IDN,1.491
Indonesia,1979,IDN,1.456
Indonesia,1980,IDN,1.227
Indonesia,1981,IDN,1.141
Indonesia,1982,IDN,1.22
Indonesia,1983,IDN,1.732
Indonesia,1984,IDN,1.718
Indonesia,1985,IDN,1.981
Indonesia,1986,IDN,2.987
Indonesia,1987,IDN,2.911
Indonesia,1988,IDN,3.029
Indonesia,1989,IDN,3.408
Indonesia,1990,IDN,3.732
Indonesia,1991,IDN,3.812
Indonesia,1992,IDN,4.409
Indonesia,1993,IDN,3.848
Indonesia,1994,IDN,3.521
Indonesia,1995,IDN,3.539
Indonesia,1996,IDN,3.509
Indonesia,1997,IDN,2.477
Indonesia,1998,IDN,4.015
Indonesia,1999,IDN,3.852
Indonesia,2000,IDN,3.734
Indonesia,2001,IDN,4.112
Indonesia,2002,IDN,3.684
Indonesia,2003,IDN,3.221
Indonesia,2004,IDN,3.426
Indonesia,2005,IDN,3.526
Indonesia,2006,IDN,3.231
Indonesia,2007,IDN,3.379
Indonesia,2008,IDN,3.587
Indonesia,2009,IDN,3.672
Indonesia,2010,IDN,4.403
Indonesia,2011,IDN,3.479
Indonesia,2012,IDN,3.576
Indonesia,2013,IDN,4.456
Indonesia,2014,IDN,4.606
Indonesia,2015,IDN,3.919
Indonesia,2016,IDN,5.7
Indonesia,2017,IDN,5.551
Indonesia,2018,IDN,7.851
Indonesia,2019,IDN,8.366
Indonesia,2020,IDN,10.509
Indonesia,2021,IDN,11.139
Indonesia,2022,IDN,10.205
Iran,1965,IRN,5.225
Iran,1966,IRN,5.151
Iran,1967,IRN,5.041
Iran,1968,IRN,4.932
Iran,1969,IRN,4.837
Iran,1970,IRN,4.415
Iran,1971,IRN,4.333
Iran,1972,IRN,5.019
Iran,1973,IRN,3.558
Iran,1974,IRN,3.456
Iran,1975,IRN,3.114
Iran,1976,IRN,3.095
Iran,1977,IRN,2.825
Iran,1978,IRN,4.526
Iran,1979,IRN,3.634
Iran,1980,IRN,4.065
Iran,1981,IRN,4.422
Iran,1982,IRN,4.111
Iran,1983,IRN,3.388
Iran,1984,IRN,2.932
Iran,1985,IRN,2.709
Iran,1986,IRN,3.456
Iran,1987,IRN,3.573
Iran,1988,IRN,3.697
Iran,1989,IRN,2.761
Iran,1990,IRN,2.69
Iran,1991,IRN,1.884
Iran,1992,IRN,2.796
Iran,1993,IRN,3.458
Iran,1994,IRN,2.021
Iran,1995,IRN,2.326
Iran,1996,IRN,2.265
Iran,1997,IRN,1.481
Iran,1998,IRN,1.792
Iran,1999,IRN,1.15
Iran,2000,IRN,0.808
Iran,2001,IRN,0.818
Iran,2002,IRN,1.443
Iran,2003,IRN,1.684
Iran,2004,IRN,1.884
Iran,2005,IRN,2.143
Iran,2006,IRN,2.501
Iran,2007,IRN,2.271
Iran,2008,IRN,0.923
Iran,2009,IRN,0.816
Iran,2010,IRN,1.196
Iran,2011,IRN,1.191
Iran,2012,IRN,1.373
Iran,2013,IRN,1.53
Iran,2014,IRN,1.45
Iran,2015,IRN,1.316
Iran,2016,IRN,1.452
Iran,2017,IRN,1.574
Iran,2018,IRN,0.929
Iran,2019,IRN,2.841
Iran,2020,IRN,1.939
Iran,2021,IRN,1.297
Iran,2022,IRN,0.73
Iraq,2017,IRQ,0.994
Iraq,2018,IRQ,0.96
Iraq,2019,IRQ,2.195
Ireland,1979,IRL,2.353
Ireland,1980,IRL,2.466
Ireland,1981,IRL,2.597
Ireland,1982,IRL,2.439
Ireland,1983,IRL,2.403
Ireland,1984,IRL,2.139
Ireland,1985,IRL,2.488
Ireland,1986,IRL,2.527
Ireland,1987,IRL,1.866
Ireland,1988,IRL,2.384
Ireland,1989,IRL,1.851
Ireland,1990,IRL,1.748
Ireland,1991,IRL,1.801
Ireland,1992,IRL,1.976
Ireland,1993,IRL,1.836
Ireland,1994,IRL,2.121
Ireland,1995,IRL,1.613
Ireland,1996,IRL,1.604
Ireland,1997,IRL,1.655
Ireland,1998,IRL,2.219
Ireland,1999,IRL,2.021
Ireland,2000,IRL,2.034
Ireland,2001,IRL,1.661
Ireland,2002,IRL,2.235
Ireland,2003,IRL,1.88
Ireland,2004,IRL,2.246
Ireland,2005,IRL,2.879
Ireland,2006,IRL,3.656
Ireland,2007,IRL,4.154
Ireland,2008,IRL,5.489
Ireland,2009,IRL,7.055
Ireland,2010,IRL,6.468
Ireland,2011,IRL,9.5
Ireland,2012,IRL,9.308
Ireland,2013,IRL,10.138
Ireland,2014,IRL,11.478
Ireland,2015,IRL,13.121
Ireland,2016,IRL,11.984
Ireland,2017,IRL,14.194
Ireland,2018,IRL,15.684
Ireland,2019,IRL,18.017
Ireland,2020,IRL,21.513
Ireland,2021,IRL,18.401
Ireland,2022,IRL,20.132
Israel,1980,ISR,0
Israel,1981,ISR,0.006
Israel,1982,ISR,0.006
Israel,1983,ISR,0.003
Israel,1984,ISR,0.006
Israel,1985,ISR,0.006
Israel,1986,ISR,0.017
Israel,1987,ISR,0.027
Israel,1988,ISR,0.025
Israel,1989,ISR,0.007
Israel,1990,ISR,0.007
Israel,1991,ISR,0.014
Israel,1992,ISR,0.056
Israel,1993,ISR,0.046
Israel,1994,ISR,0.039
Israel,1995,ISR,0.038
Israel,1996,ISR,0.035
Israel,1997,ISR,0.033
Israel,1998,ISR,0.032
Israel,1999,ISR,0.04
Israel,2000,ISR,0.04
Israel,2001,ISR,0.026
Israel,2002,ISR,0.091
Israel,2003,ISR,0.102
Israel,2004,ISR,0.097
Israel,2005,ISR,0.12
Israel,2006,ISR,0.069
Israel,2007,ISR,0.061
Israel,2008,ISR,0.07
Israel,2009,ISR,0.154
Israel,2010,ISR,0.23
Israel,2011,ISR,0.368
Israel,2012,ISR,0.526
Israel,2013,ISR,0.614
Israel,2014,ISR,1.052
Israel,2015,ISR,1.35
Israel,2016,ISR,1.841
Israel,2017,ISR,1.838
Israel,2018,ISR,1.996
Israel,2019,ISR,3.068
Israel,2020,ISR,4.247
Israel,2021,ISR,5.197
Israel,2022,ISR,6.466
Italy,1965,ITA,14.4
Italy,1966,ITA,13.79
Italy,1967,ITA,12.396
Italy,1968,ITA,11.592
Italy,1969,ITA,10.466
Italy,1970,ITA,9.408
Italy,1971,ITA,8.674
Italy,1972,ITA,8.623
Italy,1973,ITA,7.572
Italy,1974,ITA,7.703
Italy,1975,ITA,8.42
Italy,1976,ITA,7.617
Italy,1977,ITA,9.69
Italy,1978,ITA,8.499
Italy,1979,ITA,8.32
Italy,1980,ITA,8.439
Italy,1981,ITA,8.14
Italy,1982,ITA,8.033
Italy,1983,ITA,8.177
Italy,1984,ITA,8.237
Italy,1985,ITA,7.919
Italy,1986,ITA,7.745
Italy,1987,ITA,7.285
Italy,1988,ITA,7.32
Italy,1989,ITA,6.04
Italy,1990,ITA,5.544
Italy,1991,ITA,7.02
Italy,1992,ITA,7.082
Italy,1993,ITA,7.148
Italy,1994,ITA,7.646
Italy,1995,ITA,6.312
Italy,1996,ITA,7.042
Italy,1997,ITA,6.921
Italy,1998,ITA,6.806
Italy,1999,ITA,7.313
Italy,2000,ITA,7.156
Italy,2001,ITA,7.609
Italy,2002,ITA,6.778
Italy,2003,ITA,6.339
Italy,2004,ITA,7.22
Italy,2005,ITA,6.434
Italy,2006,ITA,6.73
Italy,2007,ITA,6.432
Italy,2008,ITA,8.195
Italy,2009,ITA,10.586
Italy,2010,ITA,11.431
Italy,2011,ITA,12.443
Italy,2012,ITA,14.166
Italy,2013,ITA,17.611
Italy,2014,ITA,19.74
Italy,2015,ITA,17.51
Italy,2016,ITA,17.232
Italy,2017,ITA,16.371
Italy,2018,ITA,17.727
Italy,2019,ITA,17.865
Italy,2020,ITA,20.035
Italy,2021,ITA,18.163
Italy,2022,ITA,16.599
Japan,1965,JPN,12.335
Japan,1966,JPN,11.651
Japan,1967,JPN,8.794
Japan,1968,JPN,8.452
Japan,1969,JPN,7.612
Japan,1970,JPN,6.836
Japan,1971,JPN,7.166
Japan,1972,JPN,6.915
Japan,1973,JPN,4.895
Japan,1974,JPN,6.031
Japan,1975,JPN,6.373
Japan,1976,JPN,6.161
Japan,1977,JPN,5.356
Japan,1978,JPN,4.957
Japan,1979,JPN,5.506
Japan,1980,JPN,6.195
Japan,1981,JPN,6.237
Japan,1982,JPN,6.735
Japan,1983,JPN,6.927
Japan,1984,JPN,5.622
Japan,1985,JPN,6.362
Japan,1986,JPN,6.297
Japan,1987,JPN,5.852
Japan,1988,JPN,6.523
Japan,1989,JPN,6.458
Japan,1990,JPN,5.606
Japan,1991,JPN,5.917
Japan,1992,JPN,5.08
Japan,1993,JPN,5.666
Japan,1994,JPN,4.097
Japan,1995,JPN,4.652
Japan,1996,JPN,4.533
Japan,1997,JPN,4.952
Japan,1998,JPN,5.171
Japan,1999,JPN,4.856
Japan,2000,JPN,4.827
Japan,2001,JPN,4.716
Japan,2002,JPN,4.703
Japan,2003,JPN,5.332
Japan,2004,JPN,5.258
Japan,2005,JPN,4.79
Japan,2006,JPN,5.31
Japan,2007,JPN,4.764
Japan,2008,JPN,4.833
Japan,2009,JPN,5.023
Japan,2010,JPN,5.724
Japan,2011,JPN,5.777
Japan,2012,JPN,5.693
Japan,2013,JPN,6.179
Japan,2014,JPN,6.999
Japan,2015,JPN,8.143
Japan,2016,JPN,8.07
Japan,2017,JPN,8.739
Japan,2018,JPN,9.424
Japan,2019,JPN,9.67
Japan,2020,JPN,11.265
Japan,2021,JPN,11.831
Japan,2022,JPN,12.514
Kazakhstan,1985,KAZ,1.936
Kazakhstan,1986,KAZ,1.737
Kazakhstan,1987,KAZ,2.036
Kazakhstan,1988,KAZ,2.396
Kazakhstan,1989,KAZ,2.538
Kazakhstan,1990,KAZ,2.534
Kazakhstan,1991,KAZ,2.48
Kazakhstan,1992,KAZ,2.396
Kazakhstan,1993,KAZ,3.015
Kazakhstan,1994,KAZ,4.073
Kazakhstan,1995,KAZ,4.115
Kazakhstan,1996,KAZ,4.159
Kazakhstan,1997,KAZ,4.182
Kazakhstan,1998,KAZ,4.194
Kazakhstan,1999,KAZ,4.456
Kazakhstan,2000,KAZ,6.023
Kazakhstan,2001,KAZ,5.704
Kazakhstan,2002,KAZ,6.12
Kazakhstan,2003,KAZ,5.383
Kazakhstan,2004,KAZ,4.702
Kazakhstan,2005,KAZ,4.432
Kazakhstan,2006,KAZ,4.047
Kazakhstan,2007,KAZ,3.818
Kazakhstan,2008,KAZ,3.285
Kazakhstan,2009,KAZ,3.355
Kazakhstan,2010,KAZ,3.624
Kazakhstan,2011,KAZ,3.119
Kazakhstan,2012,KAZ,2.857
Kazakhstan,2013,KAZ,2.863
Kazakhstan,2014,KAZ,2.9
Kazakhstan,2015,KAZ,3.962
Kazakhstan,2016,KAZ,4.448
Kazakhstan,2017,KAZ,3.99
Kazakhstan,2018,KAZ,3.593
Kazakhstan,2019,KAZ,3.594
Kazakhstan,2020,KAZ,4.171
Kazakhstan,2021,KAZ,4.043
Kazakhstan,2022,KAZ,4.039
Latvia,1985,LVA,8.287
Latvia,1986,LVA,8.984
Latvia,1987,LVA,12.137
Latvia,1988,LVA,10.432
Latvia,1989,LVA,12.54
Latvia,1990,LVA,15.376
Latvia,1991,LVA,12.154
Latvia,1992,LVA,13.07
Latvia,1993,LVA,17.301
Latvia,1994,LVA,20.521
Latvia,1995,LVA,19.486
Latvia,1996,LVA,13.271
Latvia,1997,LVA,20.918
Latvia,1998,LVA,28.086
Latvia,1999,LVA,21.139
Latvia,2000,LVA,22.118
Latvia,2001,LVA,20.512
Latvia,2002,LVA,17.688
Latvia,2003,LVA,16.751
Latvia,2004,LVA,20.242
Latvia,2005,LVA,20.919
Latvia,2006,LVA,17.916
Latvia,2007,LVA,17.49
Latvia,2008,LVA,19.6
Latvia,2009,LVA,22.802
Latvia,2010,LVA,20.997
Latvia,2011,LVA,19.912
Latvia,2012,LVA,25.26
Latvia,2013,LVA,22.861
Latvia,2014,LVA,19.858
Latvia,2015,LVA,19.562
Latvia,2016,LVA,22.236
Latvia,2017,LVA,30.942
Latvia,2018,LVA,23.443
Latvia,2019,LVA,20.845
Latvia,2020,LVA,26.028
Latvia,2021,LVA,25.44
Latvia,2022,LVA,26.909
Lithuania,1985,LTU,0.644
Lithuania,1986,LTU,0.682
Lithuania,1987,LTU,0.613
Lithuania,1988,LTU,0.62
Lithuania,1989,LTU,0.573
Lithuania,1990,LTU,0.606
Lithuania,1991,LTU,0.468
Lithuania,1992,LTU,0.703
Lithuania,1993,LTU,1.136
Lithuania,1994,LTU,1.514
Lithuania,1995,LTU,1.118
Lithuania,1996,LTU,0.898
Lithuania,1997,LTU,0.881
Lithuania,1998,LTU,1.162
Lithuania,1999,LTU,1.394
Lithuania,2000,LTU,1.286
Lithuania,2001,LTU,1.055
Lithuania,2002,LTU,1.072
Lithuania,2003,LTU,0.945
Lithuania,2004,LTU,1.21
Lithuania,2005,LTU,1.445
Lithuania,2006,LTU,1.643
Lithuania,2007,LTU,2.323
Lithuania,2008,LTU,2.503
Lithuania,2009,LTU,2.831
Lithuania,2010,LTU,4.735
Lithuania,2011,LTU,5.338
Lithuania,2012,LTU,5.895
Lithuania,2013,LTU,7.896
Lithuania,2014,LTU,8.228
Lithuania,2015,LTU,8.653
Lithuania,2016,LTU,9.966
Lithuania,2017,LTU,11.26
Lithuania,2018,LTU,10.193
Lithuania,2019,LTU,11.212
Lithuania,2020,LTU,11.799
Lithuania,2021,LTU,12.442
Lithuania,2022,LTU,12.489
Luxembourg,1965,LUX,0.611
Luxembourg,1966,LUX,0.574
Luxembourg,1967,LUX,0.658
Luxembourg,1968,LUX,0.621
Luxembourg,1969,LUX,0.502
Luxembourg,1970,LUX,0.535
Luxembourg,1971,LUX,0.314
Luxembourg,1972,LUX,0.359
Luxembourg,1973,LUX,0.299
Luxembourg,1974,LUX,0.435
Luxembourg,1975,LUX,0.453
Luxembourg,1976,LUX,0.285
Luxembourg,1977,LUX,0.693
Luxembourg,1978,LUX,0.654
Luxembourg,1979,LUX,0.692
Luxembourg,1980,LUX,0.777
Luxembourg,1981,LUX,0.991
Luxembourg,1982,LUX,0.959
Luxembourg,1983,LUX,1.004
Luxembourg,1984,LUX,1.001
Luxembourg,1985,LUX,0.815
Luxembourg,1986,LUX,0.978
Luxembourg,1987,LUX,1.227
Luxembourg,1988,LUX,1.13
Luxembourg,1989,LUX,0.763
Luxembourg,1990,LUX,0.665
Luxembourg,1991,LUX,0.734
Luxembourg,1992,LUX,0.611
Luxembourg,1993,LUX,0.604
Luxembourg,1994,LUX,0.775
Luxembourg,1995,LUX,0.95
Luxembourg,1996,LUX,0.65
Luxembourg,1997,LUX,0.903
Luxembourg,1998,LUX,1.295
Luxembourg,1999,LUX,1.046
Luxembourg,2000,LUX,1.37
Luxembourg,2001,LUX,1.252
Luxembourg,2002,LUX,1.03
Luxembourg,2003,LUX,0.917
Luxembourg,2004,LUX,1.112
Luxembourg,2005,LUX,1.168
Luxembourg,2006,LUX,1.391
Luxembourg,2007,LUX,2.558
Luxembourg,2008,LUX,2.665
Luxembourg,2009,LUX,2.63
Luxembourg,2010,LUX,2.5
Luxembourg,2011,LUX,2.554
Luxembourg,2012,LUX,2.986
Luxembourg,2013,LUX,3.662
Luxembourg,2014,LUX,4.359
Luxembourg,2015,LUX,5.03
Luxembourg,2016,LUX,5.434
Luxembourg,2017,LUX,6.696
Luxembourg,2018,LUX,7.141
Luxembourg,2019,LUX,7.917
Luxembourg,2020,LUX,10.881
Luxembourg,2021,LUX,10.161
Luxembourg,2022,LUX,10.851
Malaysia,1970,MYS,8.03
Malaysia,1971,MYS,6.256
Malaysia,1972,MYS,6.196
Malaysia,1973,MYS,5.646
Malaysia,1974,MYS,5.057
Malaysia,1975,MYS,4.898
Malaysia,1976,MYS,4.138
Malaysia,1977,MYS,2.869
Malaysia,1978,MYS,2.539
Malaysia,1979,MYS,2.695
Malaysia,1980,MYS,3.29
Malaysia,1981,MYS,3.527
Malaysia,1982,MYS,3.17
Malaysia,1983,MYS,3.213
Malaysia,1984,MYS,5.883
Malaysia,1985,MYS,6.483
Malaysia,1986,MYS,6.459
Malaysia,1987,MYS,7.548
Malaysia,1988,MYS,8.28
Malaysia,1989,MYS,6.837
Malaysia,1990,MYS,4.941
Malaysia,1991,MYS,4.358
Malaysia,1992,MYS,3.721
Malaysia,1993,MYS,4.19
Malaysia,1994,MYS,5.27
Malaysia,1995,MYS,4.62
Malaysia,1996,MYS,3.45
Malaysia,1997,MYS,2.394
Malaysia,1998,MYS,2.66
Malaysia,1999,MYS,4.218
Malaysia,2000,MYS,3.682
Malaysia,2001,MYS,3.14
Malaysia,2002,MYS,2.594
Malaysia,2003,MYS,2.253
Malaysia,2004,MYS,2.32
Malaysia,2005,MYS,2.286
Malaysia,2006,MYS,2.377
Malaysia,2007,MYS,2.181
Malaysia,2008,MYS,2.678
Malaysia,2009,MYS,2.629
Malaysia,2010,MYS,2.33
Malaysia,2011,MYS,2.888
Malaysia,2012,MYS,3.035
Malaysia,2013,MYS,3.52
Malaysia,2014,MYS,3.88
Malaysia,2015,MYS,4.051
Malaysia,2016,MYS,5.234
Malaysia,2017,MYS,6.662
Malaysia,2018,MYS,6.672
Malaysia,2019,MYS,6.763
Malaysia,2020,MYS,7.642
Malaysia,2021,MYS,8.161
Malaysia,2022,MYS,8.15
Mexico,1965,MEX,8.935
Mexico,1966,MEX,9.633
Mexico,1967,MEX,10.291
Mexico,1968,MEX,10.843
Mexico,1969,MEX,10.475
Mexico,1970,MEX,10.982
Mexico,1971,MEX,10.143
Mexico,1972,MEX,9.78
Mexico,1973,MEX,9.648
Mexico,1974,MEX,9.095
Mexico,1975,MEX,7.784
Mexico,1976,MEX,8.308
Mexico,1977,MEX,8.738
Mexico,1978,MEX,6.598
Mexico,1979,MEX,6.747
Mexico,1980,MEX,5.804
Mexico,1981,MEX,7.537
Mexico,1982,MEX,6.843
Mexico,1983,MEX,6.309
Mexico,1984,MEX,6.831
Mexico,1985,MEX,7.821
Mexico,1986,MEX,6.597
Mexico,1987,MEX,6.119
Mexico,1988,MEX,6.785
Mexico,1989,MEX,7.293
Mexico,1990,MEX,6.591
Mexico,1991,MEX,6.158
Mexico,1992,MEX,7.049
Mexico,1993,MEX,7.038
Mexico,1994,MEX,5.314
Mexico,1995,MEX,6.955
Mexico,1996,MEX,7.476
Mexico,1997,MEX,6.27
Mexico,1998,MEX,5.741
Mexico,1999,MEX,7.148
Mexico,2000,MEX,6.909
Mexico,2001,MEX,6.097
Mexico,2002,MEX,5.278
Mexico,2003,MEX,4.487
Mexico,2004,MEX,5.094
Mexico,2005,MEX,5.106
Mexico,2006,MEX,5.299
Mexico,2007,MEX,4.92
Mexico,2008,MEX,6.208
Mexico,2009,MEX,4.632
Mexico,2010,MEX,6.029
Mexico,2011,MEX,5.663
Mexico,2012,MEX,5.237
Mexico,2013,MEX,4.869
Mexico,2014,MEX,6.484
Mexico,2015,MEX,5.891
Mexico,2016,MEX,5.911
Mexico,2017,MEX,6.116
Mexico,2018,MEX,6.611
Mexico,2019,MEX,6.911
Mexico,2020,MEX,9.009
Mexico,2021,MEX,9.82
Mexico,2022,MEX,8.956
Morocco,1965,MAR,20.195
Morocco,1966,MAR,13.328
Morocco,1967,MAR,11.185
Morocco,1968,MAR,11.827
Morocco,1969,MAR,13.944
Morocco,1970,MAR,13.103
Morocco,1971,MAR,13.924
Morocco,1972,MAR,13.526
Morocco,1973,MAR,9.095
Morocco,1974,MAR,9.542
Morocco,1975,MAR,7.134
Morocco,1976,MAR,6.466
Morocco,1977,MAR,7.885
Morocco,1978,MAR,7.706
Morocco,1979,MAR,7.719
Morocco,1980,MAR,7.371
Morocco,1981,MAR,5.136
Morocco,1982,MAR,2.784
Morocco,1983,MAR,2.28
Morocco,1984,MAR,1.712
Morocco,1985,MAR,2.201
Morocco,1986,MAR,2.815
Morocco,1987,MAR,3.507
Morocco,1988,MAR,3.766
Morocco,1989,MAR,4.232
Morocco,1990,MAR,4.359
Morocco,1991,MAR,4.326
Morocco,1992,MAR,3.04
Morocco,1993,MAR,1.382
Morocco,1994,MAR,2.378
Morocco,1995,MAR,1.763
Morocco,1996,MAR,5.403
Morocco,1997,MAR,5.531
Morocco,1998,MAR,4.601
Morocco,1999,MAR,2.059
Morocco,2000,MAR,1.969
Morocco,2001,MAR,2.473
Morocco,2002,MAR,2.324
Morocco,2003,MAR,3.656
Morocco,2004,MAR,3.473
Morocco,2005,MAR,2.079
Morocco,2006,MAR,2.015
Morocco,2007,MAR,2.046
Morocco,2008,MAR,1.894
Morocco,2009,MAR,4.702
Morocco,2010,MAR,5.875
Morocco,2011,MAR,3.635
Morocco,2012,MAR,3.104
Morocco,2013,MAR,5.095
Morocco,2014,MAR,4.446
Morocco,2015,MAR,5.377
Morocco,2016,MAR,5.583
Morocco,2017,MAR,5.276
Morocco,2018,MAR,7.095
Morocco,2019,MAR,7.536
Morocco,2020,MAR,7.626
Morocco,2021,MAR,7.553
Morocco,2022,MAR,7.263
Netherlands,1965,NLD,0
Netherlands,1966,NLD,0
Netherlands,1967,NLD,0
Netherlands,1968,NLD,0
Netherlands,1969,NLD,0
Netherlands,1970,NLD,0
Netherlands,1971,NLD,0
Netherlands,1972,NLD,0
Netherlands,1973,NLD,0
Netherlands,1974,NLD,0
Netherlands,1975,NLD,0.312
Netherlands,1976,NLD,0.31
Netherlands,1977,NLD,0.314
Netherlands,1978,NLD,0.43
Netherlands,1979,NLD,0.38
Netherlands,1980,NLD,0.375
Netherlands,1981,NLD,0.419
Netherlands,1982,NLD,0.111
Netherlands,1983,NLD,0.096
Netherlands,1984,NLD,0.007
Netherlands,1985,NLD,0.172
Netherlands,1986,NLD,0.206
Netherlands,1987,NLD,0.255
Netherlands,1988,NLD,0.307
Netherlands,1989,NLD,0.343
Netherlands,1990,NLD,0.281
Netherlands,1991,NLD,0.319
Netherlands,1992,NLD,0.34
Netherlands,1993,NLD,0.374
Netherlands,1994,NLD,0.427
Netherlands,1995,NLD,0.456
Netherlands,1996,NLD,0.564
Netherlands,1997,NLD,0.636
Netherlands,1998,NLD,0.727
Netherlands,1999,NLD,0.795
Netherlands,2000,NLD,0.926
Netherlands,2001,NLD,0.988
Netherlands,2002,NLD,1.186
Netherlands,2003,NLD,1.164
Netherlands,2004,NLD,1.503
Netherlands,2005,NLD,2.078
Netherlands,2006,NLD,2.315
Netherlands,2007,NLD,2.417
Netherlands,2008,NLD,2.913
Netherlands,2009,NLD,3.43
Netherlands,2010,NLD,3.136
Netherlands,2011,NLD,3.662
Netherlands,2012,NLD,3.789
Netherlands,2013,NLD,3.741
Netherlands,2014,NLD,3.787
Netherlands,2015,NLD,4.163
Netherlands,2016,NLD,4.318
Netherlands,2017,NLD,5.011
Netherlands,2018,NLD,5.75
Netherlands,2019,NLD,6.976
Netherlands,2020,NLD,10.14
Netherlands,2021,NLD,11.964
Netherlands,2022,NLD,14.378
New Zealand,1970,NZL,38.823
New Zealand,1971,NZL,41.63
New Zealand,1972,NZL,41.191
New Zealand,1973,NZL,39.168
New Zealand,1974,NZL,40.952
New Zealand,1975,NZL,43.829
New Zealand,1976,NZL,39.668
New Zealand,1977,NZL,36.976
New Zealand,1978,NZL,39.498
New Zealand,1979,NZL,44.85
New Zealand,1980,NZL,46.992
New Zealand,1981,NZL,47.485
New Zealand,1982,NZL,43.1
New Zealand,1983,NZL,44.462
New Zealand,1984,NZL,43.454
New Zealand,1985,NZL,41.614
New Zealand,1986,NZL,42.986
New Zealand,1987,NZL,42.212
New Zealand,1988,NZL,42.287
New Zealand,1989,NZL,41.452
New Zealand,1990,NZL,41.427
New Zealand,1991,NZL,40.412
New Zealand,1992,NZL,37.467
New Zealand,1993,NZL,40.207
New Zealand,1994,NZL,41.245
New Zealand,1995,NZL,42.026
New Zealand,1996,NZL,39.501
New Zealand,1997,NZL,35.659
New Zealand,1998,NZL,38.805
New Zealand,1999,NZL,35.582
New Zealand,2000,NZL,36.384
New Zealand,2001,NZL,32.67
New Zealand,2002,NZL,35.151
New Zealand,2003,NZL,34.321
New Zealand,2004,NZL,38.006
New Zealand,2005,NZL,34.672
New Zealand,2006,NZL,34.872
New Zealand,2007,NZL,35.474
New Zealand,2008,NZL,34.491
New Zealand,2009,NZL,37.97
New Zealand,2010,NZL,38.803
New Zealand,2011,NZL,39.608
New Zealand,2012,NZL,36.964
New Zealand,2013,NZL,36.982
New Zealand,2014,NZL,37.563
New Zealand,2015,NZL,38.142
New Zealand,2016,NZL,38.975
New Zealand,2017,NZL,37.033
New Zealand,2018,NZL,38.037
New Zealand,2019,NZL,36.743
New Zealand,2020,NZL,39
New Zealand,2021,NZL,40.136
New Zealand,2022,NZL,43.07
North Macedonia,1997,MKD,8.867
North Macedonia,1998,MKD,9.44
North Macedonia,1999,MKD,12.636
North Macedonia,2000,MKD,11.215
North Macedonia,2001,MKD,6.336
North Macedonia,2002,MKD,7.791
North Macedonia,2003,MKD,12.462
North Macedonia,2004,MKD,13.524
North Macedonia,2005,MKD,13.081
North Macedonia,2006,MKD,14.141
North Macedonia,2007,MKD,8.661
North Macedonia,2008,MKD,7.438
North Macedonia,2009,MKD,11.347
North Macedonia,2010,MKD,19.775
North Macedonia,2011,MKD,11.624
North Macedonia,2012,MKD,9.058
North Macedonia,2013,MKD,14.4
North Macedonia,2014,MKD,12.526
North Macedonia,2015,MKD,18.577
North Macedonia,2016,MKD,18.149
North Macedonia,2017,MKD,11.817
North Macedonia,2018,MKD,17.791
North Macedonia,2019,MKD,11.508
North Macedonia,2020,MKD,14.431
North Macedonia,2021,MKD,15.229
North Macedonia,2022,MKD,13.739
Norway,1977,NOR,64.269
Norway,1978,NOR,64.178
Norway,1979,NOR,65.865
Norway,1980,NOR,65.252
Norway,1981,NOR,68.598
Norway,1982,NOR,69.162
Norway,1983,NOR,71.882
Norway,1984,NOR,71.136
Norway,1985,NOR,69.529
Norway,1986,NOR,66.977
Norway,1987,NOR,68.431
Norway,1988,NOR,69.98
Norway,1989,NOR,71.442
Norway,1990,NOR,72.448
Norway,1991,NOR,71.44
Norway,1992,NOR,71.866
Norway,1993,NOR,71.179
Norway,1994,NOR,69.033
Norway,1995,NOR,70.814
Norway,1996,NOR,66.014
Norway,1997,NOR,66.317
Norway,1998,NOR,67.221
Norway,1999,NOR,68.739
Norway,2000,NOR,72.398
Norway,2001,NOR,67.582
Norway,2002,NOR,69.316
Norway,2003,NOR,63.816
Norway,2004,NOR,64.237
Norway,2005,NOR,69.735
Norway,2006,NOR,66.739
Norway,2007,NOR,69.299
Norway,2008,NOR,70.057
Norway,2009,NOR,67.998
Norway,2010,NOR,65.738
Norway,2011,NOR,66.572
Norway,2012,NOR,70.37
Norway,2013,NOR,67.783
Norway,2014,NOR,69.146
Norway,2015,NOR,69.148
Norway,2016,NOR,70.526
Norway,2017,NOR,70.312
Norway,2018,NOR,69.601
Norway,2019,NOR,68.11
Norway,2020,NOR,71.873
Norway,2021,NOR,72.297
Norway,2022,NOR,71.628
Oman,1994,OMN,0
Oman,1995,OMN,0
Oman,1996,OMN,0
Oman,1997,OMN,0
Oman,1998,OMN,0
Oman,1999,OMN,0
Pakistan,1965,PAK,7.899
Pakistan,1966,PAK,7.84
Pakistan,1967,PAK,8.392
Pakistan,1968,PAK,8.885
Pakistan,1969,PAK,9.33
Pakistan,1970,PAK,8.39
Pakistan,1971,PAK,11.719
Pakistan,1972,PAK,13.254
Pakistan,1973,PAK,13.088
Pakistan,1974,PAK,12.144
Pakistan,1975,PAK,13.311
Pakistan,1976,PAK,14.232
Pakistan,1977,PAK,15.62
Pakistan,1978,PAK,18.11
Pakistan,1979,PAK,17.962
Pakistan,1980,PAK,16.982
Pakistan,1981,PAK,16.494
Pakistan,1982,PAK,16.829
Pakistan,1983,PAK,18.234
Pakistan,1984,PAK,17.859
Pakistan,1985,PAK,17.653
Pakistan,1986,PAK,15.925
Pakistan,1987,PAK,18.666
Pakistan,1988,PAK,18.419
Pakistan,1989,PAK,17.65
Pakistan,1990,PAK,16.537
Pakistan,1991,PAK,16.701
Pakistan,1992,PAK,17.345
Pakistan,1993,PAK,17.235
Pakistan,1994,PAK,16.348
Pakistan,1995,PAK,16.378
Pakistan,1996,PAK,16.763
Pakistan,1997,PAK,12.899
Pakistan,1998,PAK,15.707
Pakistan,1999,PAK,13.423
Pakistan,2000,PAK,11.344
Pakistan,2001,PAK,11.415
Pakistan,2002,PAK,12.189
Pakistan,2003,PAK,13.334
Pakistan,2004,PAK,12.676
Pakistan,2005,PAK,13.598
Pakistan,2006,PAK,12.633
Pakistan,2007,PAK,12.365
Pakistan,2008,PAK,10.553
Pakistan,2009,PAK,10.886
Pakistan,2010,PAK,11.175
Pakistan,2011,PAK,11.411
Pakistan,2012,PAK,4.318
Pakistan,2013,PAK,11.523
Pakistan,2014,PAK,11.496
Pakistan,2015,PAK,11.175
Pakistan,2016,PAK,11.015
Pakistan,2017,PAK,9.592
Pakistan,2018,PAK,9.339
Pakistan,2019,PAK,10.928
Pakistan,2020,PAK,11.879
Pakistan,2021,PAK,10.295
Pakistan,2022,PAK,10.861
Peru,1965,PER,14.111
Peru,1966,PER,12.45
Peru,1967,PER,13.702
Peru,1968,PER,14.439
Peru,1969,PER,15.603
Peru,1970,PER,14.454
Peru,1971,PER,17.672
Peru,1972,PER,20.367
Peru,1973,PER,19.27
Peru,1974,PER,18.357
Peru,1975,PER,18.165
Peru,1976,PER,18.748
Peru,1977,PER,19.3
Peru,1978,PER,19.763
Peru,1979,PER,20.381
Peru,1980,PER,19.653
Peru,1981,PER,21.267
Peru,1982,PER,22.38
Peru,1983,PER,24.702
Peru,1984,PER,25.11
Peru,1985,PER,27.571
Peru,1986,PER,27.369
Peru,1987,PER,27.024
Peru,1988,PER,26.67
Peru,1989,PER,29.208
Peru,1990,PER,29.333
Peru,1991,PER,32.413
Peru,1992,PER,28.131
Peru,1993,PER,31.196
Peru,1994,PER,31.001
Peru,1995,PER,29.035
Peru,1996,PER,28.985
Peru,1997,PER,29.36
Peru,1998,PER,29.656
Peru,1999,PER,30.457
Peru,2000,PER,32.804
Peru,2001,PER,35.784
Peru,2002,PER,35.718
Peru,2003,PER,36.944
Peru,2004,PER,32.472
Peru,2005,PER,32.168
Peru,2006,PER,34.891
Peru,2007,PER,31.92
Peru,2008,PER,28.834
Peru,2009,PER,29.686
Peru,2010,PER,26.665
Peru,2011,PER,25.768
Peru,2012,PER,25.905
Peru,2013,PER,26.089
Peru,2014,PER,25.84
Peru,2015,PER,25.961
Peru,2016,PER,24.635
Peru,2017,PER,28.802
Peru,2018,PER,29.432
Peru,2019,PER,29.231
Peru,2020,PER,33.691
Peru,2021,PER,30.909
Peru,2022,PER,27.613
Philippines,1994,PHL,15.579
Philippines,1995,PHL,13.861
Philippines,1996,PHL,14.197
Philippines,1997,PHL,12.727
Philippines,1998,PHL,13.366
Philippines,1999,PHL,17.447
Philippines,2000,PHL,18.225
Philippines,2001,PHL,16.728
Philippines,2002,PHL,16.288
Philippines,2003,PHL,16.09
Philippines,2004,PHL,16.669
Philippines,2005,PHL,16.014
Philippines,2006,PHL,18.689
Philippines,2007,PHL,16.632
Philippines,2008,PHL,17.64
Philippines,2009,PHL,17.199
Philippines,2010,PHL,14.876
Philippines,2011,PHL,16.142
Philippines,2012,PHL,16.418
Philippines,2013,PHL,14.806
Philippines,2014,PHL,13.994
Philippines,2015,PHL,13.525
Philippines,2016,PHL,13.009
Philippines,2017,PHL,12.526
Philippines,2018,PHL,12.231
Philippines,2019,PHL,11.298
Philippines,2020,PHL,12.007
Philippines,2021,PHL,12.527
Philippines,2022,PHL,12.512
Poland,1965,POL,0.352
Poland,1966,POL,0.35
Poland,1967,POL,0.365
Poland,1968,POL,0.356
Poland,1969,POL,0.285
Poland,1970,POL,0.549
Poland,1971,POL,0.487
Poland,1972,POL,0.468
Poland,1973,POL,0.458
Poland,1974,POL,0.621
Poland,1975,POL,0.537
Poland,1976,POL,0.424
Poland,1977,POL,0.495
Poland,1978,POL,0.469
Poland,1979,POL,0.428
Poland,1980,POL,0.517
Poland,1981,POL,0.532
Poland,1982,POL,0.395
Poland,1983,POL,0.443
Poland,1984,POL,0.367
Poland,1985,POL,0.46
Poland,1986,POL,0.382
Poland,1987,POL,0.355
Poland,1988,POL,0.367
Poland,1989,POL,0.346
Poland,1990,POL,0.361
Poland,1991,POL,0.378
Poland,1992,POL,0.425
Poland,1993,POL,0.406
Poland,1994,POL,0.488
Poland,1995,POL,0.523
Poland,1996,POL,0.527
Poland,1997,POL,0.55
Poland,1998,POL,0.683
Poland,1999,POL,0.647
Poland,2000,POL,0.683
Poland,2001,POL,0.82
Poland,2002,POL,0.82
Poland,2003,POL,0.675
Poland,2004,POL,0.891
Poland,2005,POL,1.135
Poland,2006,POL,1.249
Poland,2007,POL,1.562
Poland,2008,POL,2.208
Poland,2009,POL,3.066
Poland,2010,POL,3.454
Poland,2011,POL,4.043
Poland,2012,POL,5.229
Poland,2013,POL,5.171
Poland,2014,POL,6.056
Poland,2015,POL,6.562
Poland,2016,POL,6.05
Poland,2017,POL,6.191
Poland,2018,POL,5.851
Poland,2019,POL,6.989
Poland,2020,POL,7.77
Poland,2021,POL,7.893
Poland,2022,POL,9.37
Portugal,1996,PRT,18.706
Portugal,1997,PRT,16.635
Portugal,1998,PRT,15.164
Portugal,1999,PRT,9.103
Portugal,2000,PRT,13.073
Portugal,2001,PRT,15.647
Portugal,2002,PRT,9.749
Portugal,2003,PRT,17.057
Portugal,2004,PRT,12.09
Portugal,2005,PRT,8.116
Portugal,2006,PRT,15.573
Portugal,2007,PRT,16.144
Portugal,2008,PRT,15.147
Portugal,2009,PRT,18.849
Portugal,2010,PRT,27.393
Portugal,2011,PRT,24.511
Portugal,2012,PRT,21.702
Portugal,2013,PRT,29.106
Portugal,2014,PRT,30.293
Portugal,2015,PRT,24.459
Portugal,2016,PRT,29.276
Portugal,2017,PRT,21.442
Portugal,2018,PRT,26.878
Portugal,2019,PRT,26.377
Portugal,2020,PRT,31.709
Portugal,2021,PRT,33.324
Portugal,2022,PRT,28.967
Romania,1965,ROU,1.066
Romania,1966,ROU,1.03
Romania,1967,ROU,1.316
Romania,1968,ROU,1.309
Romania,1969,ROU,1.615
Romania,1970,ROU,1.898
Romania,1971,ROU,2.899
Romania,1972,ROU,4.493
Romania,1973,ROU,4.244
Romania,1974,ROU,4.733
Romania,1975,ROU,4.793
Romania,1976,ROU,3.852
Romania,1977,ROU,4.187
Romania,1978,ROU,4.416
Romania,1979,ROU,4.626
Romania,1980,ROU,5.106
Romania,1981,ROU,5.134
Romania,1982,ROU,4.82
Romania,1983,ROU,4.11
Romania,1984,ROU,4.671
Romania,1985,ROU,5.258
Romania,1986,ROU,4.378
Romania,1987,ROU,4.378
Romania,1988,ROU,5.666
Romania,1989,ROU,5.236
Romania,1990,ROU,4.59
Romania,1991,ROU,6.908
Romania,1992,ROU,6.284
Romania,1993,ROU,7.055
Romania,1994,ROU,7.641
Romania,1995,ROU,8.897
Romania,1996,ROU,8.449
Romania,1997,ROU,9.9
Romania,1998,ROU,11.666
Romania,1999,ROU,12.841
Romania,2000,ROU,10.396
Romania,2001,ROU,10.313
Romania,2002,ROU,10.615
Romania,2003,ROU,8.717
Romania,2004,ROU,10.408
Romania,2005,ROU,12.629
Romania,2006,ROU,11.173
Romania,2007,ROU,10.139
Romania,2008,ROU,10.973
Romania,2009,ROU,11.454
Romania,2010,ROU,14.469
Romania,2011,ROU,11.563
Romania,2012,ROU,10.953
Romania,2013,ROU,15.374
Romania,2014,ROU,18.303
Romania,2015,ROU,18.997
Romania,2016,ROU,19.693
Romania,2017,ROU,17.503
Romania,2018,ROU,18.401
Romania,2019,ROU,17.949
Romania,2020,ROU,18.941
Romania,2021,ROU,19.096
Romania,2022,ROU,18.103
Russia,1985,RUS,4.943
Russia,1986,RUS,4.997
Russia,1987,RUS,4.786
Russia,1988,RUS,4.657
Russia,1989,RUS,4.605
Russia,1990,RUS,4.898
Russia,1991,RUS,5.003
Russia,1992,RUS,5.337
Russia,1993,RUS,5.78
Russia,1994,RUS,6.394
Russia,1995,RUS,6.769
Russia,1996,RUS,6.157
Russia,1997,RUS,6.642
Russia,1998,RUS,6.7
Russia,1999,RUS,6.699
Russia,2000,RUS,6.729
Russia,2001,RUS,6.976
Russia,2002,RUS,6.493
Russia,2003,RUS,6.075
Russia,2004,RUS,6.754
Russia,2005,RUS,6.604
Russia,2006,RUS,6.31
Russia,2007,RUS,6.371
Russia,2008,RUS,5.867
Russia,2009,RUS,6.485
Russia,2010,RUS,5.932
Russia,2011,RUS,5.585
Russia,2012,RUS,5.531
Russia,2013,RUS,6.163
Russia,2014,RUS,5.857
Russia,2015,RUS,5.737
Russia,2016,RUS,6.147
Russia,2017,RUS,6.101
Russia,2018,RUS,6.031
Russia,2019,RUS,6.193
Russia,2020,RUS,7.06
Russia,2021,RUS,6.622
Russia,2022,RUS,6.71
Saudi Arabia,1965,SAU,0
Saudi Arabia,1966,SAU,0
Saudi Arabia,1967,SAU,0
Saudi Arabia,1968,SAU,0
Saudi Arabia,1969,SAU,0
Saudi Arabia,1970,SAU,0
Saudi Arabia,1971,SAU,0
Saudi Arabia,1972,SAU,0
Saudi Arabia,1973,SAU,0
Saudi Arabia,1974,SAU,0
Saudi Arabia,1975,SAU,0
Saudi Arabia,1976,SAU,0
Saudi Arabia,1977,SAU,0
Saudi Arabia,1978,SAU,0
Saudi Arabia,1979,SAU,0
Saudi Arabia,1980,SAU,0
Saudi Arabia,1981,SAU,0
Saudi Arabia,1982,SAU,0
Saudi Arabia,1983,SAU,0
Saudi Arabia,1984,SAU,0
Saudi Arabia,1985,SAU,0
Saudi Arabia,1986,SAU,0
Saudi Arabia,1987,SAU,0
Saudi Arabia,1988,SAU,0
Saudi Arabia,1989,SAU,0
Saudi Arabia,1990,SAU,0
Saudi Arabia,1991,SAU,0
Saudi Arabia,1992,SAU,0
Saudi Arabia,1993,SAU,0
Saudi Arabia,1994,SAU,0
Saudi Arabia,1995,SAU,0
Saudi Arabia,1996,SAU,0
Saudi Arabia,1997,SAU,0
Saudi Arabia,1998,SAU,0
Saudi Arabia,1999,SAU,0
Singapore,1992,SGP,0.262
Singapore,1993,SGP,0.24
Singapore,1994,SGP,0.21
Singapore,1995,SGP,0.201
Singapore,1996,SGP,0.199
Singapore,1997,SGP,0.189
Singapore,1998,SGP,0.187
Singapore,1999,SGP,0.189
Slovakia,1965,SVK,6.153
Slovakia,1966,SVK,5.696
Slovakia,1967,SVK,4.855
Slovakia,1968,SVK,4.037
Slovakia,1969,SVK,3.009
Slovakia,1970,SVK,4.103
Slovakia,1971,SVK,2.873
Slovakia,1972,SVK,2.861
Slovakia,1973,SVK,2.352
Slovakia,1974,SVK,3.758
Slovakia,1975,SVK,3.233
Slovakia,1976,SVK,3.143
Slovakia,1977,SVK,3.567
Slovakia,1978,SVK,3.189
Slovakia,1979,SVK,2.585
Slovakia,1980,SVK,3.047
Slovakia,1981,SVK,2.675
Slovakia,1982,SVK,2.374
Slovakia,1983,SVK,2.512
Slovakia,1984,SVK,1.979
Slovakia,1985,SVK,2.612
Slovakia,1986,SVK,2.085
Slovakia,1987,SVK,2.351
Slovakia,1988,SVK,2.125
Slovakia,1989,SVK,2.342
Slovakia,1990,SVK,2.238
Slovakia,1991,SVK,1.874
Slovakia,1992,SVK,2.68
Slovakia,1993,SVK,4.882
Slovakia,1994,SVK,6.226
Slovakia,1995,SVK,6.88
Slovakia,1996,SVK,5.918
Slovakia,1997,SVK,5.796
Slovakia,1998,SVK,6.022
Slovakia,1999,SVK,6.261
Slovakia,2000,SVK,6.253
Slovakia,2001,SVK,6.816
Slovakia,2002,SVK,7.019
Slovakia,2003,SVK,4.746
Slovakia,2004,SVK,5.537
Slovakia,2005,SVK,5.972
Slovakia,2006,SVK,6.482
Slovakia,2007,SVK,7.169
Slovakia,2008,SVK,6.531
Slovakia,2009,SVK,7.752
Slovakia,2010,SVK,8.702
Slovakia,2011,SVK,7.831
Slovakia,2012,SVK,8.703
Slovakia,2013,SVK,9.726
Slovakia,2014,SVK,10.568
Slovakia,2015,SVK,10.29
Slovakia,2016,SVK,10.976
Slovakia,2017,SVK,10.269
Slovakia,2018,SVK,9.377
Slovakia,2019,SVK,10.942
Slovakia,2020,SVK,11.447
Slovakia,2021,SVK,10.58
Slovakia,2022,SVK,10.303
Slovenia,1990,SVN,12.69
Slovenia,1991,SVN,15.371
Slovenia,1992,SVN,15.6
Slovenia,1993,SVN,13.463
Slovenia,1994,SVN,14.166
Slovenia,1995,SVN,12.908
Slovenia,1996,SVN,13.877
Slovenia,1997,SVN,11.435
Slovenia,1998,SVN,12.727
Slovenia,1999,SVN,14.062
Slovenia,2000,SVN,14.703
Slovenia,2001,SVN,13.847
Slovenia,2002,SVN,12.223
Slovenia,2003,SVN,11.177
Slovenia,2004,SVN,14.307
Slovenia,2005,SVN,12.046
Slovenia,2006,SVN,12.315
Slovenia,2007,SVN,11.383
Slovenia,2008,SVN,13.359
Slovenia,2009,SVN,16.353
Slovenia,2010,SVN,15.926
Slovenia,2011,SVN,13.345
Slovenia,2012,SVN,15.392
Slovenia,2013,SVN,18.214
Slovenia,2014,SVN,22.34
Slovenia,2015,SVN,16.312
Slovenia,2016,SVN,17.387
Slovenia,2017,SVN,15.197
Slovenia,2018,SVN,18.003
Slovenia,2019,SVN,18.153
Slovenia,2020,SVN,20.557
Slovenia,2021,SVN,20.37
Slovenia,2022,SVN,15.548
South Africa,1965,ZAF,0.031
South Africa,1966,ZAF,0.03
South Africa,1967,ZAF,0.021
South Africa,1968,ZAF,0.018
South Africa,1969,ZAF,0.015
South Africa,1970,ZAF,0.018
South Africa,1971,ZAF,0.073
South Africa,1972,ZAF,0.526
South Africa,1973,ZAF,0.577
South Africa,1974,ZAF,0.645
South Africa,1975,ZAF,0.598
South Africa,1976,ZAF,0.96
South Africa,1977,ZAF,0.971
South Africa,1978,ZAF,0.962
South Africa,1979,ZAF,0.559
South Africa,1980,ZAF,0.454
South Africa,1981,ZAF,0.65
South Africa,1982,ZAF,0.371
South Africa,1983,ZAF,0.215
South Africa,1984,ZAF,0.185
South Africa,1985,ZAF,0.202
South Africa,1986,ZAF,0.515
South Africa,1987,ZAF,0.505
South Africa,1988,ZAF,0.897
South Africa,1989,ZAF,0.819
South Africa,1990,ZAF,0.29
South Africa,1991,ZAF,0.573
South Africa,1992,ZAF,0.217
South Africa,1993,ZAF,0.042
South Africa,1994,ZAF,0.297
South Africa,1995,ZAF,0.14
South Africa,1996,ZAF,0.359
South Africa,1997,ZAF,0.571
South Africa,1998,ZAF,0.476
South Africa,1999,ZAF,0.234
South Africa,2000,ZAF,0.406
South Africa,2001,ZAF,0.54
South Africa,2002,ZAF,0.696
South Africa,2003,ZAF,0.342
South Africa,2004,ZAF,0.34
South Africa,2005,ZAF,0.409
South Africa,2006,ZAF,0.731
South Africa,2007,ZAF,0.76
South Africa,2008,ZAF,0.39
South Africa,2009,ZAF,0.409
South Africa,2010,ZAF,0.326
South Africa,2011,ZAF,0.731
South Africa,2012,ZAF,0.354
South Africa,2013,ZAF,0.409
South Africa,2014,ZAF,0.849
South Africa,2015,ZAF,1.356
South Africa,2016,ZAF,1.571
South Africa,2017,ZAF,2.29
South Africa,2018,ZAF,2.408
South Africa,2019,ZAF,2.323
South Africa,2020,ZAF,2.725
South Africa,2021,ZAF,3.456
South Africa,2022,ZAF,3.876
South Korea,1986,KOR,1.313
South Korea,1987,KOR,1.51
South Korea,1988,KOR,0.678
South Korea,1989,KOR,0.93
South Korea,1990,KOR,1.3
South Korea,1991,KOR,0.855
South Korea,1992,KOR,0.674
South Korea,1993,KOR,0.839
South Korea,1994,KOR,0.432
South Korea,1995,KOR,0.51
South Korea,1996,KOR,0.436
South Korea,1997,KOR,0.403
South Korea,1998,KOR,0.66
South Korea,1999,KOR,0.594
South Korea,2000,KOR,0.542
South Korea,2001,KOR,0.312
South Korea,2002,KOR,0.419
South Korea,2003,KOR,0.599
South Korea,2004,KOR,0.535
South Korea,2005,KOR,0.454
South Korea,2006,KOR,0.45
South Korea,2007,KOR,0.504
South Korea,2008,KOR,0.529
South Korea,2009,KOR,0.57
South Korea,2010,KOR,0.662
South Korea,2011,KOR,0.745
South Korea,2012,KOR,0.771
South Korea,2013,KOR,1.001
South Korea,2014,KOR,1.187
South Korea,2015,KOR,1.351
South Korea,2016,KOR,1.541
South Korea,2017,KOR,1.835
South Korea,2018,KOR,2.304
South Korea,2019,KOR,2.704
South Korea,2020,KOR,3.278
South Korea,2021,KOR,3.608
South Korea,2022,KOR,4.314
Spain,1969,ESP,18.46
Spain,1970,ESP,15.559
Spain,1971,ESP,16.188
Spain,1972,ESP,16.69
Spain,1973,ESP,12.43
Spain,1974,ESP,12.623
Spain,1975,ESP,10.509
Spain,1976,ESP,7.937
Spain,1977,ESP,14.477
Spain,1978,ESP,14.644
Spain,1979,ESP,15.633
Spain,1980,ESP,9.981
Spain,1981,ESP,7.407
Spain,1982,ESP,8.885
Spain,1983,ESP,8.936
Spain,1984,ESP,10.204
Spain,1985,ESP,10.243
Spain,1986,ESP,8.502
Spain,1987,ESP,8.477
Spain,1988,ESP,10.431
Spain,1989,ESP,5.533
Spain,1990,ESP,7.199
Spain,1991,ESP,7.453
Spain,1992,ESP,5.013
Spain,1993,ESP,6.625
Spain,1994,ESP,7.314
Spain,1995,ESP,5.938
Spain,1996,ESP,9.653
Spain,1997,ESP,8.211
Spain,1998,ESP,7.815
Spain,1999,ESP,5.629
Spain,2000,ESP,7.008
Spain,2001,ESP,9.168
Spain,2002,ESP,6.446
Spain,2003,ESP,9.759
Spain,2004,ESP,8.441
Spain,2005,ESP,6.923
Spain,2006,ESP,8.361
Spain,2007,ESP,9.065
Spain,2008,ESP,9.948
Spain,2009,ESP,12.662
Spain,2010,ESP,16.743
Spain,2011,ESP,15.473
Spain,2012,ESP,15.89
Spain,2013,ESP,19.901
Spain,2014,ESP,20.089
Spain,2015,ESP,17.508
Spain,2016,ESP,18.61
Spain,2017,ESP,15.682
Spain,2018,ESP,18.231
Spain,2019,ESP,17.376
Spain,2020,ESP,22.103
Spain,2021,ESP,22.599
Spain,2022,ESP,21.034
Sri Lanka,2007,LKA,16.629
Sweden,1985,SWE,31.185
Sweden,1986,SWE,26.017
Sweden,1987,SWE,31.166
Sweden,1988,SWE,31.078
Sweden,1989,SWE,32.671
Sweden,1990,SWE,32.335
Sweden,1991,SWE,29.826
Sweden,1992,SWE,34.726
Sweden,1993,SWE,35.323
Sweden,1994,SWE,28.229
Sweden,1995,SWE,32.062
Sweden,1996,SWE,25.266
Sweden,1997,SWE,32.551
Sweden,1998,SWE,32.492
Sweden,1999,SWE,32.14
Sweden,2000,SWE,38.596
Sweden,2001,SWE,35.828
Sweden,2002,SWE,32.522
Sweden,2003,SWE,27.901
Sweden,2004,SWE,30.188
Sweden,2005,SWE,34.65
Sweden,2006,SWE,32.325
Sweden,2007,SWE,34.601
Sweden,2008,SWE,37.008
Sweden,2009,SWE,39.18
Sweden,2010,SWE,38.56
Sweden,2011,SWE,39.87
Sweden,2012,SWE,43.306
Sweden,2013,SWE,38.955
Sweden,2014,SWE,40.649
Sweden,2015,SWE,46.612
Sweden,2016,SWE,42.112
Sweden,2017,SWE,43.363
Sweden,2018,SWE,42.241
Sweden,2019,SWE,43.834
Sweden,2020,SWE,51.318
Sweden,2021,SWE,52.069
Sweden,2022,SWE,53.312
Switzerland,1968,CHE,39.674
Switzerland,1969,CHE,36.701
Switzerland,1970,CHE,34.635
Switzerland,1971,CHE,33.697
Switzerland,1972,CHE,28.543
Switzerland,1973,CHE,28.315
Switzerland,1974,CHE,31.027
Switzerland,1975,CHE,34.594
Switzerland,1976,CHE,29.048
Switzerland,1977,CHE,35.284
Switzerland,1978,CHE,32.514
Switzerland,1979,CHE,30.904
Switzerland,1980,CHE,32.373
Switzerland,1981,CHE,34.292
Switzerland,1982,CHE,35.782
Switzerland,1983,CHE,33.555
Switzerland,1984,CHE,29.56
Switzerland,1985,CHE,29.632
Switzerland,1986,CHE,29.059
Switzerland,1987,CHE,30.83
Switzerland,1988,CHE,31.572
Switzerland,1989,CHE,28.203
Switzerland,1990,CHE,26.992
Switzerland,1991,CHE,28.264
Switzerland,1992,CHE,28.395
Switzerland,1993,CHE,31.083
Switzerland,1994,CHE,32.318
Switzerland,1995,CHE,30.771
Switzerland,1996,CHE,26.179
Switzerland,1997,CHE,28.933
Switzerland,1998,CHE,28.327
Switzerland,1999,CHE,32.331
Switzerland,2000,CHE,30.639
Switzerland,2001,CHE,31.929
Switzerland,2002,CHE,29.157
Switzerland,2003,CHE,28.983
Switzerland,2004,CHE,28.437
Switzerland,2005,CHE,27.377
Switzerland,2006,CHE,26.049
Switzerland,2007,CHE,29.712
Switzerland,2008,CHE,29.264
Switzerland,2009,CHE,28.949
Switzerland,2010,CHE,29.909
Switzerland,2011,CHE,28.473
Switzerland,2012,CHE,31.886
Switzerland,2013,CHE,31.022
Switzerland,2014,CHE,32.349
Switzerland,2015,CHE,33.335
Switzerland,2016,CHE,32.582
Switzerland,2017,CHE,32.481
Switzerland,2018,CHE,32.541
Switzerland,2019,CHE,33.757
Switzerland,2020,CHE,36.881
Switzerland,2021,CHE,37.402
Switzerland,2022,CHE,33.076
Taiwan,1965,TWN,10.868
Taiwan,1966,TWN,10.439
Taiwan,1967,TWN,9.468
Taiwan,1968,TWN,12.09
Taiwan,1969,TWN,9.123
Taiwan,1970,TWN,7.868
Taiwan,1971,TWN,6.759
Taiwan,1972,TWN,7.442
Taiwan,1973,TWN,5.953
Taiwan,1974,TWN,8.605
Taiwan,1975,TWN,8.734
Taiwan,1976,TWN,5.838
Taiwan,1977,TWN,4.998
Taiwan,1978,TWN,5.223
Taiwan,1979,TWN,4.525
Taiwan,1980,TWN,2.75
Taiwan,1981,TWN,4.808
Taiwan,1982,TWN,4.304
Taiwan,1983,TWN,4.056
Taiwan,1984,TWN,3.418
Taiwan,1985,TWN,4.468
Taiwan,1986,TWN,4.195
Taiwan,1987,TWN,3.482
Taiwan,1988,TWN,2.675
Taiwan,1989,TWN,2.734
Taiwan,1990,TWN,3.343
Taiwan,1991,TWN,1.969
Taiwan,1992,TWN,3.079
Taiwan,1993,TWN,1.856
Taiwan,1994,TWN,2.141
Taiwan,1995,TWN,1.983
Taiwan,1996,TWN,1.902
Taiwan,1997,TWN,1.989
Taiwan,1998,TWN,2.214
Taiwan,1999,TWN,1.811
Taiwan,2000,TWN,1.651
Taiwan,2001,TWN,1.827
Taiwan,2002,TWN,1.209
Taiwan,2003,TWN,1.268
Taiwan,2004,TWN,1.275
Taiwan,2005,TWN,1.474
Taiwan,2006,TWN,1.477
Taiwan,2007,TWN,1.599
Taiwan,2008,TWN,1.578
Taiwan,2009,TWN,1.525
Taiwan,2010,TWN,1.593
Taiwan,2011,TWN,1.669
Taiwan,2012,TWN,2.054
Taiwan,2013,TWN,2.045
Taiwan,2014,TWN,1.756
Taiwan,2015,TWN,1.833
Taiwan,2016,TWN,2.256
Taiwan,2017,TWN,2.183
Taiwan,2018,TWN,2.179
Taiwan,2019,TWN,2.717
Taiwan,2020,TWN,2.778
Taiwan,2021,TWN,3.043
Taiwan,2022,TWN,4.411
Thailand,1981,THA,6.015
Thailand,1982,THA,7.571
Thailand,1983,THA,6.589
Thailand,1984,THA,6.626
Thailand,1985,THA,5.736
Thailand,1986,THA,8.075
Thailand,1987,THA,5.194
Thailand,1988,THA,4.262
Thailand,1989,THA,5.435
Thailand,1990,THA,4.115
Thailand,1991,THA,3.435
Thailand,1992,THA,2.893
Thailand,1993,THA,2.222
Thailand,1994,THA,2.418
Thailand,1995,THA,3.242
Thailand,1996,THA,3.159
Thailand,1997,THA,2.976
Thailand,1998,THA,2.375
Thailand,1999,THA,1.609
Thailand,2000,THA,2.575
Thailand,2001,THA,2.571
Thailand,2002,THA,2.818
Thailand,2003,THA,2.723
Thailand,2004,THA,2.313
Thailand,2005,THA,2.275
Thailand,2006,THA,2.977
Thailand,2007,THA,2.964
Thailand,2008,THA,3.019
Thailand,2009,THA,3.156
Thailand,2010,THA,2.904
Thailand,2011,THA,3.575
Thailand,2012,THA,3.89
Thailand,2013,THA,3.981
Thailand,2014,THA,4.389
Thailand,2015,THA,4.316
Thailand,2016,THA,4.727
Thailand,2017,THA,5.459
Thailand,2018,THA,6.558
Thailand,2019,THA,7.15
Thailand,2020,THA,7.162
Thailand,2021,THA,7.208
Thailand,2022,THA,7.327
Trinidad and Tobago,2010,TTO,0.005
Trinidad and Tobago,2011,TTO,0.005
Trinidad and Tobago,2012,TTO,0.005
Trinidad and Tobago,2013,TTO,0.005
Trinidad and Tobago,2014,TTO,0.006
Trinidad and Tobago,2015,TTO,0.007
Trinidad and Tobago,2016,TTO,0.008
Trinidad and Tobago,2017,TTO,0.007
Trinidad and Tobago,2018,TTO,0.007
Trinidad and Tobago,2019,TTO,0.008
Trinidad and Tobago,2020,TTO,0.009
Trinidad and Tobago,2021,TTO,0.009
Trinidad and Tobago,2022,TTO,0.009
Turkey,1982,TUR,12.745
Turkey,1983,TUR,9.873
Turkey,1984,TUR,11.116
Turkey,1985,TUR,9.229
Turkey,1986,TUR,8.374
Turkey,1987,TUR,11.513
Turkey,1988,TUR,16.269
Turkey,1989,TUR,10.283
Turkey,1990,TUR,12.22
Turkey,1991,TUR,11.753
Turkey,1992,TUR,13.08
Turkey,1993,TUR,15.372
Turkey,1994,TUR,14.305
Turkey,1995,TUR,14.924
Turkey,1996,TUR,15.544
Turkey,1997,TUR,14.666
Turkey,1998,TUR,15.142
Turkey,1999,TUR,12.754
Turkey,2000,TUR,10.657
Turkey,2001,TUR,9.109
Turkey,2002,TUR,11.536
Turkey,2003,TUR,11.33
Turkey,2004,TUR,13.692
Turkey,2005,TUR,11.419
Turkey,2006,TUR,11.477
Turkey,2007,TUR,8.792
Turkey,2008,TUR,8.227
Turkey,2009,TUR,8.93
Turkey,2010,TUR,12.286
Turkey,2011,TUR,11.927
Turkey,2012,TUR,12.582
Turkey,2013,TUR,13.62
Turkey,2014,TUR,9.879
Turkey,2015,TUR,14.111
Turkey,2016,TUR,14.547
Turkey,2017,TUR,13.24
Turkey,2018,TUR,14.941
Turkey,2019,TUR,19.35
Turkey,2020,TUR,19.064
Turkey,2021,TUR,16.453
Turkey,2022,TUR,18.845
Turkmenistan,1985,TKM,0.006
Turkmenistan,1986,TKM,0.005
Turkmenistan,1987,TKM,0.005
Turkmenistan,1988,TKM,0.005
Turkmenistan,1989,TKM,0.005
Turkmenistan,1990,TKM,0.006
Turkmenistan,1991,TKM,0.006
Turkmenistan,1992,TKM,0.008
Turkmenistan,1993,TKM,0.012
Turkmenistan,1994,TKM,0.009
Turkmenistan,1995,TKM,0.011
Turkmenistan,1996,TKM,0.009
Ukraine,1985,UKR,1.139
Ukraine,1986,UKR,1.128
Ukraine,1987,UKR,0.995
Ukraine,1988,UKR,1.236
Ukraine,1989,UKR,1.096
Ukraine,1990,UKR,0.973
Ukraine,1991,UKR,1.156
Ukraine,1992,UKR,0.921
Ukraine,1993,UKR,1.472
Ukraine,1994,UKR,1.89
Ukraine,1995,UKR,1.591
Ukraine,1996,UKR,1.48
Ukraine,1997,UKR,1.753
Ukraine,1998,UKR,2.901
Ukraine,1999,UKR,2.68
Ukraine,2000,UKR,2.104
Ukraine,2001,UKR,2.265
Ukraine,2002,UKR,1.813
Ukraine,2003,UKR,1.689
Ukraine,2004,UKR,2.142
Ukraine,2005,UKR,2.212
Ukraine,2006,UKR,2.263
Ukraine,2007,UKR,1.836
Ukraine,2008,UKR,2.133
Ukraine,2009,UKR,2.548
Ukraine,2010,UKR,2.61
Ukraine,2011,UKR,2.099
Ukraine,2012,UKR,2.139
Ukraine,2013,UKR,3.047
Ukraine,2014,UKR,2.324
Ukraine,2015,UKR,1.953
Ukraine,2016,UKR,2.408
Ukraine,2017,UKR,3.029
Ukraine,2018,UKR,3.462
Ukraine,2019,UKR,3.394
Ukraine,2020,UKR,4.957
Ukraine,2021,UKR,6.116
Ukraine,2022,UKR,7.435
United Kingdom,1965,GBR,0.589
United Kingdom,1966,GBR,0.576
United Kingdom,1967,GBR,0.62
United Kingdom,1968,GBR,0.456
United Kingdom,1969,GBR,0.385
United Kingdom,1970,GBR,0.526
United Kingdom,1971,GBR,0.398
United Kingdom,1972,GBR,0.393
United Kingdom,1973,GBR,0.426
United Kingdom,1974,GBR,0.475
United Kingdom,1975,GBR,0.475
United Kingdom,1976,GBR,0.55
United Kingdom,1977,GBR,0.471
United Kingdom,1978,GBR,0.482
United Kingdom,1979,GBR,0.487
United Kingdom,1980,GBR,0.491
United Kingdom,1981,GBR,0.564
United Kingdom,1982,GBR,0.587
United Kingdom,1983,GBR,0.585
United Kingdom,1984,GBR,0.585
United Kingdom,1985,GBR,0.489
United Kingdom,1986,GBR,0.574
United Kingdom,1987,GBR,0.505
United Kingdom,1988,GBR,0.581
United Kingdom,1989,GBR,0.568
United Kingdom,1990,GBR,0.68
United Kingdom,1991,GBR,0.61
United Kingdom,1992,GBR,0.742
United Kingdom,1993,GBR,0.668
United Kingdom,1994,GBR,0.825
United Kingdom,1995,GBR,0.79
United Kingdom,1996,GBR,0.644
United Kingdom,1997,GBR,0.825
United Kingdom,1998,GBR,0.988
United Kingdom,1999,GBR,1.108
United Kingdom,2000,GBR,1.135
United Kingdom,2001,GBR,1.085
United Kingdom,2002,GBR,1.288
United Kingdom,2003,GBR,1.236
United Kingdom,2004,GBR,1.607
United Kingdom,2005,GBR,1.928
United Kingdom,2006,GBR,2.121
United Kingdom,2007,GBR,2.423
United Kingdom,2008,GBR,2.91
United Kingdom,2009,GBR,3.549
United Kingdom,2010,GBR,3.671
United Kingdom,2011,GBR,4.92
United Kingdom,2012,GBR,5.467
United Kingdom,2013,GBR,6.971
United Kingdom,2014,GBR,8.895
United Kingdom,2015,GBR,10.982
United Kingdom,2016,GBR,11.043
United Kingdom,2017,GBR,12.913
United Kingdom,2018,GBR,14.488
United Kingdom,2019,GBR,16.165
United Kingdom,2020,GBR,19.975
United Kingdom,2021,GBR,17.938
United Kingdom,2022,GBR,19.338
United States,1965,USA,4.369
United States,1966,USA,4.171
United States,1967,USA,4.542
United States,1968,USA,4.331
United States,1969,USA,4.599
United States,1970,USA,4.401
United States,1971,USA,4.614
United States,1972,USA,4.526
United States,1973,USA,4.355
United States,1974,USA,4.903
United States,1975,USA,5.007
United States,1976,USA,4.553
United States,1977,USA,3.549
United States,1978,USA,4.328
United States,1979,USA,4.291
United States,1980,USA,4.419
United States,1981,USA,4.337
United States,1982,USA,5.257
United States,1983,USA,5.685
United States,1984,USA,5.334
United States,1985,USA,4.766
United States,1986,USA,4.898
United States,1987,USA,4.215
United States,1988,USA,3.665
United States,1989,USA,4.302
United States,1990,USA,4.725
United States,1991,USA,4.724
United States,1992,USA,4.261
United States,1993,USA,4.571
United States,1994,USA,4.255
United States,1995,USA,4.762
United States,1996,USA,5.019
United States,1997,USA,5.115
United States,1998,USA,4.696
United States,1999,USA,4.583
United States,2000,USA,4.027
United States,2001,USA,3.421
United States,2002,USA,4.016
United States,2003,USA,4.18
United States,2004,USA,4.102
United States,2005,USA,4.219
United States,2006,USA,4.679
United States,2007,USA,4.373
United States,2008,USA,5.005
United States,2009,USA,5.8
United States,2010,USA,5.841
United States,2011,USA,6.897
United States,2012,USA,6.886
United States,2013,USA,7.135
United States,2014,USA,7.263
United States,2015,USA,7.469
United States,2016,USA,8.285
United States,2017,USA,9.082
United States,2018,USA,8.964
United States,2019,USA,9.314
United States,2020,USA,10.528
United States,2021,USA,10.507
United States,2022,USA,11.317
Uzbekistan,1985,UZB,3.446
Uzbekistan,1986,UZB,2.986
Uzbekistan,1987,UZB,4.201
Uzbekistan,1988,UZB,4.415
Uzbekistan,1989,UZB,3.277
Uzbekistan,1990,UZB,3.774
Uzbekistan,1991,UZB,3.465
Uzbekistan,1992,UZB,3.807
Uzbekistan,1993,UZB,4.146
Uzbekistan,1994,UZB,4.11
Uzbekistan,1995,UZB,3.599
Uzbekistan,1996,UZB,3.679
Uzbekistan,1997,UZB,3.292
Uzbekistan,1998,UZB,3.287
Uzbekistan,1999,UZB,2.866
Uzbekistan,2000,UZB,2.9
Uzbekistan,2001,UZB,2.939
Uzbekistan,2002,UZB,2.928
Uzbekistan,2003,UZB,3.67
Uzbekistan,2004,UZB,3.32
Uzbekistan,2005,UZB,3.499
Uzbekistan,2006,UZB,3.159
Uzbekistan,2007,UZB,3.236
Uzbekistan,2008,UZB,2.329
Uzbekistan,2009,UZB,3.448
Uzbekistan,2010,UZB,4.281
Uzbekistan,2011,UZB,2.824
Uzbekistan,2012,UZB,3.209
Uzbekistan,2013,UZB,3.134
Uzbekistan,2014,UZB,2.972
Uzbekistan,2015,UZB,3.013
Uzbekistan,2016,UZB,3.568
Uzbekistan,2017,UZB,3.972
Uzbekistan,2018,UZB,2.927
Uzbekistan,2019,UZB,3.197
Uzbekistan,2020,UZB,2.472
Uzbekistan,2021,UZB,2.347
Uzbekistan,2022,UZB,2.445
Venezuela,1965,VEN,2.114
Venezuela,1966,VEN,2.134
Venezuela,1967,VEN,2.374
Venezuela,1968,VEN,3.695
Venezuela,1969,VEN,4.242
Venezuela,1970,VEN,5.406
Venezuela,1971,VEN,6.984
Venezuela,1972,VEN,7.379
Venezuela,1973,VEN,6.669
Venezuela,1974,VEN,7.982
Venezuela,1975,VEN,8.893
Venezuela,1976,VEN,9.633
Venezuela,1977,VEN,9.939
Venezuela,1978,VEN,9.782
Venezuela,1979,VEN,10.329
Venezuela,1980,VEN,9.454
Venezuela,1981,VEN,9.427
Venezuela,1982,VEN,9.688
Venezuela,1983,VEN,11.105
Venezuela,1984,VEN,12.206
Venezuela,1985,VEN,13.294
Venezuela,1986,VEN,13.745
Venezuela,1987,VEN,16.864
Venezuela,1988,VEN,17.954
Venezuela,1989,VEN,18.045
Venezuela,1990,VEN,18.119
Venezuela,1991,VEN,21.676
Venezuela,1992,VEN,21.256
Venezuela,1993,VEN,21.577
Venezuela,1994,VEN,21.47
Venezuela,1995,VEN,20.915
Venezuela,1996,VEN,22.462
Venezuela,1997,VEN,22.598
Venezuela,1998,VEN,21.552
Venezuela,1999,VEN,22.529
Venezuela,2000,VEN,22.724
Venezuela,2001,VEN,20.885
Venezuela,2002,VEN,20.204
Venezuela,2003,VEN,21.841
Venezuela,2004,VEN,23.13
Venezuela,2005,VEN,24.534
Venezuela,2006,VEN,24.402
Venezuela,2007,VEN,23.413
Venezuela,2008,VEN,24.759
Venezuela,2009,VEN,24.416
Venezuela,2010,VEN,22.484
Venezuela,2011,VEN,23.652
Venezuela,2012,VEN,22.079
Venezuela,2013,VEN,21.721
Venezuela,2014,VEN,22.202
Venezuela,2015,VEN,20.806
Venezuela,2016,VEN,20.002
Venezuela,2017,VEN,21.94
Venezuela,2018,VEN,24.067
Venezuela,2019,VEN,26.934
Venezuela,2020,VEN,34.953
Venezuela,2021,VEN,30.441
Venezuela,2022,VEN,28.315
Vietnam,1981,VNM,8.21
Vietnam,1982,VNM,7.957
Vietnam,1983,VNM,5.967
Vietnam,1984,VNM,7.734
Vietnam,1985,VNM,7.084
Vietnam,1986,VNM,6.225
Vietnam,1987,VNM,5.439
Vietnam,1988,VNM,7.041
Vietnam,1989,VNM,15.831
Vietnam,1990,VNM,20.584
Vietnam,1991,VNM,23.791
Vietnam,1992,VNM,24.912
Vietnam,1993,VNM,24.04
Vietnam,1994,VNM,24.973
Vietnam,1995,VNM,24.609
Vietnam,1996,VNM,24.358
Vietnam,1997,VNM,20.528
Vietnam,1998,VNM,18.065
Vietnam,1999,VNM,21.659
Vietnam,2000,VNM,20.092
Vietnam,2001,VNM,22.102
Vietnam,2002,VNM,20.063
Vietnam,2003,VNM,19.298
Vietnam,2004,VNM,14.764
Vietnam,2005,VNM,12.847
Vietnam,2006,VNM,16.607
Vietnam,2007,VNM,17.202
Vietnam,2008,VNM,16.01
Vietnam,2009,VNM,17.948
Vietnam,2010,VNM,14.712
Vietnam,2011,VNM,19.027
Vietnam,2012,VNM,23.462
Vietnam,2013,VNM,23.955
Vietnam,2014,VNM,23.183
Vietnam,2015,VNM,18.647
Vietnam,2016,VNM,19.182
Vietnam,2017,VNM,24.208
Vietnam,2018,VNM,20.762
Vietnam,2019,VNM,15.891
Vietnam,2020,VNM,18.629
Vietnam,2021,VNM,22.623
Vietnam,2022,VNM,26.754